款号,颜色,中类,季节,季节策略,销售数,销售金额,库存,周均销量,库存周数,建议补货量,建议动作,补货原则,主销尺码,进货提醒,控折扣原则,预算建议,进货顺序
TNX1Y90914Z,紫红色,防晒服,夏,下一季试补,18.0,4841.37,2.0,18.0,0.1111111111111111,70.0,小量试补,小量试补,130/M、120/S、110/XS,只补样板尺码，先看真实动销再放量,只做轻活动，不额外加深折扣,预算建议控制在常规补货的 30% 以内，先试单再决定是否扩量,先补核心样板尺码，再补相邻尺码，边缘尺码先不进
TNX1T20195Z,白色,衣类,夏,下一季试补,33.0,3923.49,0.0,33.0,0.0,132.0,小量试补,小量试补,130/M、120/S、110/XS,只补样板尺码，先看真实动销再放量,只做轻活动，不额外加深折扣,预算建议控制在常规补货的 30% 以内，先试单再决定是否扩量,先补核心样板尺码，再补相邻尺码，边缘尺码先不进
TNX1Y90915X,米黄色,衣类,夏,下一季试补,20.0,3671.19,-1.0,20.0,-0.05,81.0,先校库存再补货,先校库存,130/M、120/S、110/XS,库存口径异常，先别下单,先校库存，先别谈活动和折扣,库存异常款先不下单，预算留给正常主销款,先查账、查盘点、查调拨，确认后再补
TNX1Y90914Z,灰色,防晒服,夏,下一季试补,14.0,3464.24,3.0,14.0,0.21428571428571427,53.0,小量试补,小量试补,130/M、120/S、110/XS,只补样板尺码，先看真实动销再放量,只做轻活动，不额外加深折扣,预算建议控制在常规补货的 30% 以内，先试单再决定是否扩量,先补核心样板尺码，再补相邻尺码，边缘尺码先不进
TNX1K60603X,橘粉色,裤类,夏,下一季试补,29.0,3141.31,1.0,29.0,0.034482758620689655,115.0,小量试补,小量试补,130/M、120/S、110/XS,只补样板尺码，先看真实动销再放量,只做轻活动，不额外加深折扣,预算建议控制在常规补货的 30% 以内，先试单再决定是否扩量,先补核心样板尺码，再补相邻尺码，边缘尺码先不进
TNX1Y90914Z,绿色,防晒服,夏,下一季试补,12.0,3089.21,1.0,12.0,0.08333333333333333,47.0,小量试补,小量试补,130/M、120/S、110/XS,只补样板尺码，先看真实动销再放量,只做轻活动，不额外加深折扣,预算建议控制在常规补货的 30% 以内，先试单再决定是否扩量,先补核心样板尺码，再补相邻尺码，边缘尺码先不进
TNX1K60604X,深咖色,裤类,夏,下一季试补,28.0,3081.59,1.0,28.0,0.03571428571428571,111.0,小量试补,小量试补,130/M、120/S、110/XS,只补样板尺码，先看真实动销再放量,只做轻活动，不额外加深折扣,预算建议控制在常规补货的 30% 以内，先试单再决定是否扩量,先补核心样板尺码，再补相邻尺码，边缘尺码先不进
TNX1T20182X,白色,衣类,夏,下一季试补,39.0,3075.76,0.0,39.0,0.0,156.0,小量试补,小量试补,130/M、120/S、110/XS,只补样板尺码，先看真实动销再放量,只做轻活动，不额外加深折扣,预算建议控制在常规补货的 30% 以内，先试单再决定是否扩量,先补核心样板尺码，再补相邻尺码，边缘尺码先不进
TNX1T20182X,米黄色,衣类,夏,下一季试补,40.0,2978.04,0.0,40.0,0.0,160.0,小量试补,小量试补,130/M、120/S、110/XS,只补样板尺码，先看真实动销再放量,只做轻活动，不额外加深折扣,预算建议控制在常规补货的 30% 以内，先试单再决定是否扩量,先补核心样板尺码，再补相邻尺码，边缘尺码先不进
TNX1W60619,白色,连裤袜,夏,下一季试补,93.0,2967.36,18.0,93.0,0.1935483870967742,354.0,小量试补,小量试补,130/M、120/S、110/XS,只补样板尺码，先看真实动销再放量,只做轻活动，不额外加深折扣,预算建议控制在常规补货的 30% 以内，先试单再决定是否扩量,先补核心样板尺码，再补相邻尺码，边缘尺码先不进
TNX1K60613Z,紫红色,裤类,夏,下一季试补,21.0,2939.33,1.0,21.0,0.047619047619047616,83.0,小量试补,小量试补,130/M、120/S、110/XS,只补样板尺码，先看真实动销再放量,只做轻活动，不额外加深折扣,预算建议控制在常规补货的 30% 以内，先试单再决定是否扩量,先补核心样板尺码，再补相邻尺码，边缘尺码先不进
TNX1K60614Z,藏青色,裤类,夏,下一季试补,18.0,2757.83,0.0,18.0,0.0,72.0,小量试补,小量试补,130/M、120/S、110/XS,只补样板尺码，先看真实动销再放量,只做轻活动，不额外加深折扣,预算建议控制在常规补货的 30% 以内，先试单再决定是否扩量,先补核心样板尺码，再补相邻尺码，边缘尺码先不进
TNX1Y90912Z,米白色,防晒服,夏,下一季试补,13.0,2750.18,0.0,13.0,0.0,52.0,小量试补,小量试补,130/M、120/S、110/XS,只补样板尺码，先看真实动销再放量,只做轻活动，不额外加深折扣,预算建议控制在常规补货的 30% 以内，先试单再决定是否扩量,先补核心样板尺码，再补相邻尺码，边缘尺码先不进
TNX1T20177X,蓝色,衣类,夏,下一季试补,18.0,2681.38,-1.0,18.0,-0.05555555555555555,73.0,先校库存再补货,先校库存,130/M、120/S、110/XS,库存口径异常，先别下单,先校库存，先别谈活动和折扣,库存异常款先不下单，预算留给正常主销款,先查账、查盘点、查调拨，确认后再补
TNX1K60599X,藏青色,裤类,夏,下一季试补,26.0,2564.21,0.0,26.0,0.0,104.0,小量试补,小量试补,130/M、120/S、110/XS,只补样板尺码，先看真实动销再放量,只做轻活动，不额外加深折扣,预算建议控制在常规补货的 30% 以内，先试单再决定是否扩量,先补核心样板尺码，再补相邻尺码，边缘尺码先不进
TNX1K60613Z,浅灰色,裤类,夏,下一季试补,18.0,2548.8,3.0,18.0,0.16666666666666666,69.0,小量试补,小量试补,130/M、120/S、110/XS,只补样板尺码，先看真实动销再放量,只做轻活动，不额外加深折扣,预算建议控制在常规补货的 30% 以内，先试单再决定是否扩量,先补核心样板尺码，再补相邻尺码，边缘尺码先不进
TNX1T20195Z,灰紫色,衣类,夏,下一季试补,22.0,2527.13,4.0,22.0,0.18181818181818182,84.0,小量试补,小量试补,130/M、120/S、110/XS,只补样板尺码，先看真实动销再放量,只做轻活动，不额外加深折扣,预算建议控制在常规补货的 30% 以内，先试单再决定是否扩量,先补核心样板尺码，再补相邻尺码，边缘尺码先不进
TNX1T20177X,米色,衣类,夏,下一季试补,18.0,2465.66,0.0,18.0,0.0,72.0,小量试补,小量试补,130/M、120/S、110/XS,只补样板尺码，先看真实动销再放量,只做轻活动，不额外加深折扣,预算建议控制在常规补货的 30% 以内，先试单再决定是否扩量,先补核心样板尺码，再补相邻尺码，边缘尺码先不进
TNX1T20187Z,白色,衣类,夏,下一季试补,27.0,2446.31,6.0,27.0,0.2222222222222222,102.0,小量试补,小量试补,130/M、120/S、110/XS,只补样板尺码，先看真实动销再放量,只做轻活动，不额外加深折扣,预算建议控制在常规补货的 30% 以内，先试单再决定是否扩量,先补核心样板尺码，再补相邻尺码，边缘尺码先不进
TNX1T20195Z,粉色,衣类,夏,下一季试补,20.0,2328.77,1.0,20.0,0.05,79.0,小量试补,小量试补,130/M、120/S、110/XS,只补样板尺码，先看真实动销再放量,只做轻活动，不额外加深折扣,预算建议控制在常规补货的 30% 以内，先试单再决定是否扩量,先补核心样板尺码，再补相邻尺码，边缘尺码先不进
TNX2K10237,款色,常规内裤,夏,下一季试补,50.0,2321.49,4.0,50.0,0.08,196.0,小量试补,小量试补,130/M、120/S、110/XS,只补样板尺码，先看真实动销再放量,只做轻活动，不额外加深折扣,预算建议控制在常规补货的 30% 以内，先试单再决定是否扩量,先补核心样板尺码，再补相邻尺码，边缘尺码先不进
TNX1K60614Z,粉色,裤类,夏,下一季试补,15.0,2300.62,2.0,15.0,0.13333333333333333,58.0,小量试补,小量试补,130/M、120/S、110/XS,只补样板尺码，先看真实动销再放量,只做轻活动，不额外加深折扣,预算建议控制在常规补货的 30% 以内，先试单再决定是否扩量,先补核心样板尺码，再补相邻尺码，边缘尺码先不进
TNC1K60597Z,紫色,裤类,春,当季主推,19.0,2288.26,1.0,19.0,0.05263157894736842,75.0,立即补货,先稳毛利再补,130/M、120/S、110/XS,先保高毛利主销，不靠深折补量,先做组合和套装，不建议继续加深折扣,预算先给主销核心款和核心尺码，不做平均补货,先补核心尺码，再补主销色，最后才补边缘尺码
TNX1K60604X,米灰色,裤类,夏,下一季试补,19.0,2144.29,0.0,19.0,0.0,76.0,小量试补,小量试补,130/M、120/S、110/XS,只补样板尺码，先看真实动销再放量,只做轻活动，不额外加深折扣,预算建议控制在常规补货的 30% 以内，先试单再决定是否扩量,先补核心样板尺码，再补相邻尺码，边缘尺码先不进
TNX1K60603X,米白色,裤类,夏,下一季试补,20.0,2110.03,-2.0,20.0,-0.1,82.0,先校库存再补货,先校库存,130/M、120/S、110/XS,库存口径异常，先别下单,先校库存，先别谈活动和折扣,库存异常款先不下单，预算留给正常主销款,先查账、查盘点、查调拨，确认后再补
TNX2K50263,款色,常规内裤,夏,下一季试补,48.0,2085.03,-2.0,48.0,-0.041666666666666664,194.0,先校库存再补货,先校库存,130/M、120/S、110/XS,库存口径异常，先别下单,先校库存，先别谈活动和折扣,库存异常款先不下单，预算留给正常主销款,先查账、查盘点、查调拨，确认后再补
TNX1K60609Z,奶白色,裤类,夏,下一季试补,11.0,2075.92,1.0,11.0,0.09090909090909091,43.0,小量试补,小量试补,130/M、120/S、110/XS,只补样板尺码，先看真实动销再放量,只做轻活动，不额外加深折扣,预算建议控制在常规补货的 30% 以内，先试单再决定是否扩量,先补核心样板尺码，再补相邻尺码，边缘尺码先不进
TNX1K60610Z,卡其色,裤类,夏,下一季试补,15.0,2073.26,1.0,15.0,0.06666666666666667,59.0,小量试补,小量试补,130/M、120/S、110/XS,只补样板尺码，先看真实动销再放量,只做轻活动，不额外加深折扣,预算建议控制在常规补货的 30% 以内，先试单再决定是否扩量,先补核心样板尺码，再补相邻尺码，边缘尺码先不进
TNX1K60613Z,浅绿色,裤类,夏,下一季试补,15.0,2070.72,5.0,15.0,0.3333333333333333,55.0,小量试补,小量试补,130/M、120/S、110/XS,只补样板尺码，先看真实动销再放量,只做轻活动，不额外加深折扣,预算建议控制在常规补货的 30% 以内，先试单再决定是否扩量,先补核心样板尺码，再补相邻尺码，边缘尺码先不进
TNX1Y90915X,浅绿色,衣类,夏,下一季试补,11.0,2042.41,0.0,11.0,0.0,44.0,小量试补,小量试补,130/M、120/S、110/XS,只补样板尺码，先看真实动销再放量,只做轻活动，不额外加深折扣,预算建议控制在常规补货的 30% 以内，先试单再决定是否扩量,先补核心样板尺码，再补相邻尺码，边缘尺码先不进
TNX3K50282,款色,常规内裤,夏,下一季试补,23.0,2038.36,1.0,23.0,0.043478260869565216,91.0,小量试补,小量试补,130/M、120/S、110/XS,只补样板尺码，先看真实动销再放量,只做轻活动，不额外加深折扣,预算建议控制在常规补货的 30% 以内，先试单再决定是否扩量,先补核心样板尺码，再补相邻尺码，边缘尺码先不进
TNX1Y90912Z,紫色,防晒服,夏,下一季试补,10.0,2017.92,0.0,10.0,0.0,40.0,小量试补,小量试补,130/M、120/S、110/XS,只补样板尺码，先看真实动销再放量,只做轻活动，不额外加深折扣,预算建议控制在常规补货的 30% 以内，先试单再决定是否扩量,先补核心样板尺码，再补相邻尺码，边缘尺码先不进
TNX1K60600X,藏青色,裤类,夏,下一季试补,23.0,2012.82,0.0,23.0,0.0,92.0,小量试补,小量试补,130/M、120/S、110/XS,只补样板尺码，先看真实动销再放量,只做轻活动，不额外加深折扣,预算建议控制在常规补货的 30% 以内，先试单再决定是否扩量,先补核心样板尺码，再补相邻尺码，边缘尺码先不进
TNX1K60599X,米灰色,裤类,夏,下一季试补,20.0,1995.33,0.0,20.0,0.0,80.0,小量试补,小量试补,130/M、120/S、110/XS,只补样板尺码，先看真实动销再放量,只做轻活动，不额外加深折扣,预算建议控制在常规补货的 30% 以内，先试单再决定是否扩量,先补核心样板尺码，再补相邻尺码，边缘尺码先不进
TNX3K50286,款色,常规内裤,夏,下一季试补,22.0,1870.94,-1.0,22.0,-0.045454545454545456,89.0,先校库存再补货,先校库存,130/M、120/S、110/XS,库存口径异常，先别下单,先校库存，先别谈活动和折扣,库存异常款先不下单，预算留给正常主销款,先查账、查盘点、查调拨，确认后再补
TNX1K60608X,米白色,裤类,夏,下一季试补,16.0,1850.82,0.0,16.0,0.0,64.0,小量试补,小量试补,130/M、120/S、110/XS,只补样板尺码，先看真实动销再放量,只做轻活动，不额外加深折扣,预算建议控制在常规补货的 30% 以内，先试单再决定是否扩量,先补核心样板尺码，再补相邻尺码，边缘尺码先不进
TNX1K60607X,深灰色,裤类,夏,下一季试补,19.0,1843.86,0.0,19.0,0.0,76.0,小量试补,小量试补,130/M、120/S、110/XS,只补样板尺码，先看真实动销再放量,只做轻活动，不额外加深折扣,预算建议控制在常规补货的 30% 以内，先试单再决定是否扩量,先补核心样板尺码，再补相邻尺码，边缘尺码先不进
TNX1K60614Z,米灰色,裤类,夏,下一季试补,12.0,1814.09,1.0,12.0,0.08333333333333333,47.0,小量试补,小量试补,130/M、120/S、110/XS,只补样板尺码，先看真实动销再放量,只做轻活动，不额外加深折扣,预算建议控制在常规补货的 30% 以内，先试单再决定是否扩量,先补核心样板尺码，再补相邻尺码，边缘尺码先不进
TNX1K60609Z,绿色,裤类,夏,下一季试补,9.0,1779.68,3.0,9.0,0.3333333333333333,33.0,小量试补,小量试补,130/M、120/S、110/XS,只补样板尺码，先看真实动销再放量,只做轻活动，不额外加深折扣,预算建议控制在常规补货的 30% 以内，先试单再决定是否扩量,先补核心样板尺码，再补相邻尺码，边缘尺码先不进
TMX2K50211,款色,常规内裤,夏,下一季试补,41.0,1749.24,6.0,41.0,0.14634146341463414,158.0,小量试补,小量试补,130/M、120/S、110/XS,只补样板尺码，先看真实动销再放量,只做轻活动，不额外加深折扣,预算建议控制在常规补货的 30% 以内，先试单再决定是否扩量,先补核心样板尺码，再补相邻尺码，边缘尺码先不进
TNX2K50267,款色,常规内裤,夏,下一季试补,42.0,1735.22,0.0,42.0,0.0,168.0,小量试补,小量试补,130/M、120/S、110/XS,只补样板尺码，先看真实动销再放量,只做轻活动，不额外加深折扣,预算建议控制在常规补货的 30% 以内，先试单再决定是否扩量,先补核心样板尺码，再补相邻尺码，边缘尺码先不进
TNX1K60610Z,深灰色,裤类,夏,下一季试补,13.0,1734.62,0.0,13.0,0.0,52.0,小量试补,小量试补,130/M、120/S、110/XS,只补样板尺码，先看真实动销再放量,只做轻活动，不额外加深折扣,预算建议控制在常规补货的 30% 以内，先试单再决定是否扩量,先补核心样板尺码，再补相邻尺码，边缘尺码先不进
TNX2K10248,款色,常规内裤,夏,下一季试补,40.0,1715.52,1.0,40.0,0.025,159.0,小量试补,小量试补,130/M、120/S、110/XS,只补样板尺码，先看真实动销再放量,只做轻活动，不额外加深折扣,预算建议控制在常规补货的 30% 以内，先试单再决定是否扩量,先补核心样板尺码，再补相邻尺码，边缘尺码先不进
TNX1Y90912Z,蓝色,防晒服,夏,下一季试补,7.0,1703.53,1.0,7.0,0.14285714285714285,27.0,小量试补,小量试补,130/M、120/S、110/XS,只补样板尺码，先看真实动销再放量,只做轻活动，不额外加深折扣,预算建议控制在常规补货的 30% 以内，先试单再决定是否扩量,先补核心样板尺码，再补相邻尺码，边缘尺码先不进
TNX3K10253,款色,常规内裤,夏,下一季试补,20.0,1699.71,1.0,20.0,0.05,79.0,小量试补,小量试补,130/M、120/S、110/XS,只补样板尺码，先看真实动销再放量,只做轻活动，不额外加深折扣,预算建议控制在常规补货的 30% 以内，先试单再决定是否扩量,先补核心样板尺码，再补相邻尺码，边缘尺码先不进
TNX2K10236,款色,常规内裤,夏,下一季试补,38.0,1695.42,3.0,38.0,0.07894736842105263,149.0,小量试补,小量试补,130/M、120/S、110/XS,只补样板尺码，先看真实动销再放量,只做轻活动，不额外加深折扣,预算建议控制在常规补货的 30% 以内，先试单再决定是否扩量,先补核心样板尺码，再补相邻尺码，边缘尺码先不进
TNX2K10243,款色,常规内裤,夏,下一季试补,39.0,1681.14,8.0,39.0,0.20512820512820512,148.0,小量试补,小量试补,130/M、120/S、110/XS,只补样板尺码，先看真实动销再放量,只做轻活动，不额外加深折扣,预算建议控制在常规补货的 30% 以内，先试单再决定是否扩量,先补核心样板尺码，再补相邻尺码，边缘尺码先不进
TNX1Y90913Z,渐变色,防晒服,夏,下一季试补,7.0,1672.44,4.0,7.0,0.5714285714285714,24.0,小量试补,小量试补,130/M、120/S、110/XS,只补样板尺码，先看真实动销再放量,只做轻活动，不额外加深折扣,预算建议控制在常规补货的 30% 以内，先试单再决定是否扩量,先补核心样板尺码，再补相邻尺码，边缘尺码先不进
TNX2K10249,款色,常规内裤,夏,下一季试补,37.0,1666.36,12.0,37.0,0.32432432432432434,136.0,小量试补,小量试补,130/M、120/S、110/XS,只补样板尺码，先看真实动销再放量,只做轻活动，不额外加深折扣,预算建议控制在常规补货的 30% 以内，先试单再决定是否扩量,先补核心样板尺码，再补相邻尺码，边缘尺码先不进
TNX3K10254,款色,常规内裤,夏,下一季试补,18.0,1632.41,7.0,18.0,0.3888888888888889,65.0,小量试补,小量试补,130/M、120/S、110/XS,只补样板尺码，先看真实动销再放量,只做轻活动，不额外加深折扣,预算建议控制在常规补货的 30% 以内，先试单再决定是否扩量,先补核心样板尺码，再补相邻尺码，边缘尺码先不进
TNX2K50278,款色,常规内裤,夏,下一季试补,36.0,1628.29,12.0,36.0,0.3333333333333333,132.0,小量试补,小量试补,130/M、120/S、110/XS,只补样板尺码，先看真实动销再放量,只做轻活动，不额外加深折扣,预算建议控制在常规补货的 30% 以内，先试单再决定是否扩量,先补核心样板尺码，再补相邻尺码，边缘尺码先不进
TNX3K50284,款色,常规内裤,夏,下一季试补,18.0,1578.53,1.0,18.0,0.05555555555555555,71.0,小量试补,小量试补,130/M、120/S、110/XS,只补样板尺码，先看真实动销再放量,只做轻活动，不额外加深折扣,预算建议控制在常规补货的 30% 以内，先试单再决定是否扩量,先补核心样板尺码，再补相邻尺码，边缘尺码先不进
TNX1Y90884X,蓝色,家居服,夏,下一季试补,10.0,1578.21,0.0,10.0,0.0,40.0,小量试补,小量试补,130/M、120/S、110/XS,只补样板尺码，先看真实动销再放量,只做轻活动，不额外加深折扣,预算建议控制在常规补货的 30% 以内，先试单再决定是否扩量,先补核心样板尺码，再补相邻尺码，边缘尺码先不进
TNX2K10240,款色,常规内裤,夏,下一季试补,31.0,1543.36,23.0,31.0,0.7419354838709677,101.0,小量试补,小量试补,130/M、120/S、110/XS,只补样板尺码，先看真实动销再放量,只做轻活动，不额外加深折扣,预算建议控制在常规补货的 30% 以内，先试单再决定是否扩量,先补核心样板尺码，再补相邻尺码，边缘尺码先不进
TNX2K10250,款色,常规内裤,夏,下一季试补,36.0,1539.25,6.0,36.0,0.16666666666666666,138.0,小量试补,小量试补,130/M、120/S、110/XS,只补样板尺码，先看真实动销再放量,只做轻活动，不额外加深折扣,预算建议控制在常规补货的 30% 以内，先试单再决定是否扩量,先补核心样板尺码，再补相邻尺码，边缘尺码先不进
TNX1K60610Z,米色,裤类,夏,下一季试补,11.0,1517.22,0.0,11.0,0.0,44.0,小量试补,小量试补,130/M、120/S、110/XS,只补样板尺码，先看真实动销再放量,只做轻活动，不额外加深折扣,预算建议控制在常规补货的 30% 以内，先试单再决定是否扩量,先补核心样板尺码，再补相邻尺码，边缘尺码先不进
TNX1K60611Z,灰绿色,裤类,夏,下一季试补,14.0,1499.97,0.0,14.0,0.0,56.0,小量试补,小量试补,130/M、120/S、110/XS,只补样板尺码，先看真实动销再放量,只做轻活动，不额外加深折扣,预算建议控制在常规补货的 30% 以内，先试单再决定是否扩量,先补核心样板尺码，再补相邻尺码，边缘尺码先不进
TNX1K60612Z,暗紫色,裤类,夏,下一季试补,11.0,1499.92,0.0,11.0,0.0,44.0,小量试补,小量试补,130/M、120/S、110/XS,只补样板尺码，先看真实动销再放量,只做轻活动，不额外加深折扣,预算建议控制在常规补货的 30% 以内，先试单再决定是否扩量,先补核心样板尺码，再补相邻尺码，边缘尺码先不进
TNX2K50268,款色,常规内裤,夏,下一季试补,35.0,1486.42,4.0,35.0,0.11428571428571428,136.0,小量试补,小量试补,130/M、120/S、110/XS,只补样板尺码，先看真实动销再放量,只做轻活动，不额外加深折扣,预算建议控制在常规补货的 30% 以内，先试单再决定是否扩量,先补核心样板尺码，再补相邻尺码，边缘尺码先不进
TNX1T20187Z,紫色,衣类,夏,下一季试补,17.0,1472.94,0.0,17.0,0.0,68.0,小量试补,小量试补,130/M、120/S、110/XS,只补样板尺码，先看真实动销再放量,只做轻活动，不额外加深折扣,预算建议控制在常规补货的 30% 以内，先试单再决定是否扩量,先补核心样板尺码，再补相邻尺码，边缘尺码先不进
TNX1K60600X,浅蓝色,裤类,夏,下一季试补,17.0,1441.98,0.0,17.0,0.0,68.0,小量试补,小量试补,130/M、120/S、110/XS,只补样板尺码，先看真实动销再放量,只做轻活动，不额外加深折扣,预算建议控制在常规补货的 30% 以内，先试单再决定是否扩量,先补核心样板尺码，再补相邻尺码，边缘尺码先不进
TNX1T20183X,橘粉色,衣类,夏,下一季试补,20.0,1406.28,-3.0,20.0,-0.15,83.0,先校库存再补货,先校库存,130/M、120/S、110/XS,库存口径异常，先别下单,先校库存，先别谈活动和折扣,库存异常款先不下单，预算留给正常主销款,先查账、查盘点、查调拨，确认后再补
TNX1K60606X,黄色,裤类,夏,下一季试补,12.0,1403.75,3.0,12.0,0.25,45.0,小量试补,小量试补,130/M、120/S、110/XS,只补样板尺码，先看真实动销再放量,只做轻活动，不额外加深折扣,预算建议控制在常规补货的 30% 以内，先试单再决定是否扩量,先补核心样板尺码，再补相邻尺码，边缘尺码先不进
TNX3K50283,款色,常规内裤,夏,下一季试补,15.0,1401.12,9.0,15.0,0.6,51.0,小量试补,小量试补,130/M、120/S、110/XS,只补样板尺码，先看真实动销再放量,只做轻活动，不额外加深折扣,预算建议控制在常规补货的 30% 以内，先试单再决定是否扩量,先补核心样板尺码，再补相邻尺码，边缘尺码先不进
TNX1K50290,款色,常规内裤,夏,下一季试补,38.0,1364.78,20.0,38.0,0.5263157894736842,132.0,小量试补,小量试补,130/M、120/S、110/XS,只补样板尺码，先看真实动销再放量,只做轻活动，不额外加深折扣,预算建议控制在常规补货的 30% 以内，先试单再决定是否扩量,先补核心样板尺码，再补相邻尺码，边缘尺码先不进
TNC1K60596Z,白色,裤类,春,当季主推,11.0,1361.85,8.0,11.0,0.7272727272727273,36.0,立即补货,先稳毛利再补,130/M、120/S、110/XS,先保高毛利主销，不靠深折补量,先做组合和套装，不建议继续加深折扣,预算先给主销核心款和核心尺码，不做平均补货,先补核心尺码，再补主销色，最后才补边缘尺码
TNX2K10232,款色,常规内裤,夏,下一季试补,29.0,1353.8,12.0,29.0,0.41379310344827586,104.0,小量试补,小量试补,130/M、120/S、110/XS,只补样板尺码，先看真实动销再放量,只做轻活动，不额外加深折扣,预算建议控制在常规补货的 30% 以内，先试单再决定是否扩量,先补核心样板尺码，再补相邻尺码，边缘尺码先不进
TNC1K60597Z,米白色,裤类,春,当季主推,11.0,1342.74,3.0,11.0,0.2727272727272727,41.0,立即补货,先稳毛利再补,130/M、120/S、110/XS,先保高毛利主销，不靠深折补量,先做组合和套装，不建议继续加深折扣,预算先给主销核心款和核心尺码，不做平均补货,先补核心尺码，再补主销色，最后才补边缘尺码
TNX2K50266,款色,常规内裤,夏,下一季试补,31.0,1342.13,9.0,31.0,0.2903225806451613,115.0,小量试补,小量试补,130/M、120/S、110/XS,只补样板尺码，先看真实动销再放量,只做轻活动，不额外加深折扣,预算建议控制在常规补货的 30% 以内，先试单再决定是否扩量,先补核心样板尺码，再补相邻尺码，边缘尺码先不进
TNX1K60606X,米白色,裤类,夏,下一季试补,11.0,1338.57,3.0,11.0,0.2727272727272727,41.0,小量试补,小量试补,130/M、120/S、110/XS,只补样板尺码，先看真实动销再放量,只做轻活动，不额外加深折扣,预算建议控制在常规补货的 30% 以内，先试单再决定是否扩量,先补核心样板尺码，再补相邻尺码，边缘尺码先不进
TNX2K50259,款色,常规内裤,夏,下一季试补,29.0,1333.11,18.0,29.0,0.6206896551724138,98.0,小量试补,小量试补,130/M、120/S、110/XS,只补样板尺码，先看真实动销再放量,只做轻活动，不额外加深折扣,预算建议控制在常规补货的 30% 以内，先试单再决定是否扩量,先补核心样板尺码，再补相邻尺码，边缘尺码先不进
TNX1K60611Z,灰色,裤类,夏,下一季试补,12.0,1327.0,0.0,12.0,0.0,48.0,小量试补,小量试补,130/M、120/S、110/XS,只补样板尺码，先看真实动销再放量,只做轻活动，不额外加深折扣,预算建议控制在常规补货的 30% 以内，先试单再决定是否扩量,先补核心样板尺码，再补相邻尺码，边缘尺码先不进
TMX3K50213,款色,常规内裤,夏,下一季试补,16.0,1319.46,1.0,16.0,0.0625,63.0,小量试补,小量试补,130/M、120/S、110/XS,只补样板尺码，先看真实动销再放量,只做轻活动，不额外加深折扣,预算建议控制在常规补货的 30% 以内，先试单再决定是否扩量,先补核心样板尺码，再补相邻尺码，边缘尺码先不进
TNX1K60616Z,紫色,裤类,夏,下一季试补,13.0,1296.65,-1.0,13.0,-0.07692307692307693,53.0,先校库存再补货,先校库存,130/M、120/S、110/XS,库存口径异常，先别下单,先校库存，先别谈活动和折扣,库存异常款先不下单，预算留给正常主销款,先查账、查盘点、查调拨，确认后再补
TNX3K50285,款色,常规内裤,夏,下一季试补,14.0,1294.01,9.0,14.0,0.6428571428571429,47.0,小量试补,小量试补,130/M、120/S、110/XS,只补样板尺码，先看真实动销再放量,只做轻活动，不额外加深折扣,预算建议控制在常规补货的 30% 以内，先试单再决定是否扩量,先补核心样板尺码，再补相邻尺码，边缘尺码先不进
TNX1Y90884X,粉色,家居服,夏,下一季试补,8.0,1291.95,0.0,8.0,0.0,32.0,小量试补,小量试补,130/M、120/S、110/XS,只补样板尺码，先看真实动销再放量,只做轻活动，不额外加深折扣,预算建议控制在常规补货的 30% 以内，先试单再决定是否扩量,先补核心样板尺码，再补相邻尺码，边缘尺码先不进
TNX2K50265,款色,常规内裤,夏,下一季试补,31.0,1282.97,7.0,31.0,0.22580645161290322,117.0,小量试补,小量试补,130/M、120/S、110/XS,只补样板尺码，先看真实动销再放量,只做轻活动，不额外加深折扣,预算建议控制在常规补货的 30% 以内，先试单再决定是否扩量,先补核心样板尺码，再补相邻尺码，边缘尺码先不进
TNX1K60615Z,粉色,裤类,夏,下一季试补,10.0,1257.64,2.0,10.0,0.2,38.0,小量试补,小量试补,130/M、120/S、110/XS,只补样板尺码，先看真实动销再放量,只做轻活动，不额外加深折扣,预算建议控制在常规补货的 30% 以内，先试单再决定是否扩量,先补核心样板尺码，再补相邻尺码，边缘尺码先不进
TNC1K60595X,米白色,裤类,春,当季主推,16.0,1256.31,0.0,16.0,0.0,64.0,立即补货,先稳毛利再补,130/M、120/S、110/XS,先保高毛利主销，不靠深折补量,先做组合和套装，不建议继续加深折扣,预算先给主销核心款和核心尺码，不做平均补货,先补核心尺码，再补主销色，最后才补边缘尺码
TNX1K60616Z,米色,裤类,夏,下一季试补,12.0,1242.01,0.0,12.0,0.0,48.0,小量试补,小量试补,130/M、120/S、110/XS,只补样板尺码，先看真实动销再放量,只做轻活动，不额外加深折扣,预算建议控制在常规补货的 30% 以内，先试单再决定是否扩量,先补核心样板尺码，再补相邻尺码，边缘尺码先不进
TNX1K60600X,米白色,裤类,夏,下一季试补,15.0,1220.11,0.0,15.0,0.0,60.0,小量试补,小量试补,130/M、120/S、110/XS,只补样板尺码，先看真实动销再放量,只做轻活动，不额外加深折扣,预算建议控制在常规补货的 30% 以内，先试单再决定是否扩量,先补核心样板尺码，再补相邻尺码，边缘尺码先不进
TNX1K60598X,深咖色,裤类,夏,下一季试补,13.0,1213.83,3.0,13.0,0.23076923076923078,49.0,小量试补,小量试补,130/M、120/S、110/XS,只补样板尺码，先看真实动销再放量,只做轻活动，不额外加深折扣,预算建议控制在常规补货的 30% 以内，先试单再决定是否扩量,先补核心样板尺码，再补相邻尺码，边缘尺码先不进
TNX2K50279,款色,常规内裤,夏,下一季试补,27.0,1209.31,14.0,27.0,0.5185185185185185,94.0,小量试补,小量试补,130/M、120/S、110/XS,只补样板尺码，先看真实动销再放量,只做轻活动，不额外加深折扣,预算建议控制在常规补货的 30% 以内，先试单再决定是否扩量,先补核心样板尺码，再补相邻尺码，边缘尺码先不进
TNX2K50260,款色,常规内裤,夏,下一季试补,29.0,1183.67,1.0,29.0,0.034482758620689655,115.0,小量试补,小量试补,130/M、120/S、110/XS,只补样板尺码，先看真实动销再放量,只做轻活动，不额外加深折扣,预算建议控制在常规补货的 30% 以内，先试单再决定是否扩量,先补核心样板尺码，再补相邻尺码，边缘尺码先不进
TNX1Y90911Z,米灰色,防晒服,夏,下一季试补,5.0,1181.06,2.0,5.0,0.4,18.0,小量试补,小量试补,130/M、120/S、110/XS,只补样板尺码，先看真实动销再放量,只做轻活动，不额外加深折扣,预算建议控制在常规补货的 30% 以内，先试单再决定是否扩量,先补核心样板尺码，再补相邻尺码，边缘尺码先不进
TMX2K50200,款色,常规内裤,夏,下一季试补,24.0,1175.85,6.0,24.0,0.25,90.0,小量试补,小量试补,130/M、120/S、110/XS,只补样板尺码，先看真实动销再放量,只做轻活动，不额外加深折扣,预算建议控制在常规补货的 30% 以内，先试单再决定是否扩量,先补核心样板尺码，再补相邻尺码，边缘尺码先不进
TNX1Y90913Z,浅紫色,防晒服,夏,下一季试补,5.0,1173.86,1.0,5.0,0.2,19.0,小量试补,小量试补,130/M、120/S、110/XS,只补样板尺码，先看真实动销再放量,只做轻活动，不额外加深折扣,预算建议控制在常规补货的 30% 以内，先试单再决定是否扩量,先补核心样板尺码，再补相邻尺码，边缘尺码先不进
TNX1Y90875X,款色,家居服,夏,下一季试补,6.0,1171.87,1.0,6.0,0.16666666666666666,23.0,小量试补,小量试补,130/M、120/S、110/XS,只补样板尺码，先看真实动销再放量,只做轻活动，不额外加深折扣,预算建议控制在常规补货的 30% 以内，先试单再决定是否扩量,先补核心样板尺码，再补相邻尺码，边缘尺码先不进
TNX1T20173X,麻灰色,衣类,夏,下一季试补,18.0,1166.17,-2.0,18.0,-0.1111111111111111,74.0,先校库存再补货,先校库存,130/M、120/S、110/XS,库存口径异常，先别下单,先校库存，先别谈活动和折扣,库存异常款先不下单，预算留给正常主销款,先查账、查盘点、查调拨，确认后再补
TNC1Y90856X,款色,家居服,春,当季主推,7.0,1166.01,0.0,7.0,0.0,28.0,立即补货,先稳毛利再补,130/M、120/S、110/XS,先保高毛利主销，不靠深折补量,先做组合和套装，不建议继续加深折扣,预算先给主销核心款和核心尺码，不做平均补货,先补核心尺码，再补主销色，最后才补边缘尺码
TNX1K60615Z,深灰色,裤类,夏,下一季试补,9.0,1163.45,2.0,9.0,0.2222222222222222,34.0,小量试补,小量试补,130/M、120/S、110/XS,只补样板尺码，先看真实动销再放量,只做轻活动，不额外加深折扣,预算建议控制在常规补货的 30% 以内，先试单再决定是否扩量,先补核心样板尺码，再补相邻尺码，边缘尺码先不进
TNX1K60616Z,蓝色,裤类,夏,下一季试补,11.0,1152.26,0.0,11.0,0.0,44.0,小量试补,小量试补,130/M、120/S、110/XS,只补样板尺码，先看真实动销再放量,只做轻活动，不额外加深折扣,预算建议控制在常规补货的 30% 以内，先试单再决定是否扩量,先补核心样板尺码，再补相邻尺码，边缘尺码先不进
TNX2K50257,款色,常规内裤,夏,下一季试补,26.0,1149.24,6.0,26.0,0.23076923076923078,98.0,小量试补,小量试补,130/M、120/S、110/XS,只补样板尺码，先看真实动销再放量,只做轻活动，不额外加深折扣,预算建议控制在常规补货的 30% 以内，先试单再决定是否扩量,先补核心样板尺码，再补相邻尺码，边缘尺码先不进
TNX1K60604X,碎花色,裤类,夏,下一季试补,11.0,1148.31,2.0,11.0,0.18181818181818182,42.0,小量试补,小量试补,130/M、120/S、110/XS,只补样板尺码，先看真实动销再放量,只做轻活动，不额外加深折扣,预算建议控制在常规补货的 30% 以内，先试单再决定是否扩量,先补核心样板尺码，再补相邻尺码，边缘尺码先不进
TNX3K10251,款色,常规内裤,夏,下一季试补,13.0,1142.37,2.0,13.0,0.15384615384615385,50.0,小量试补,小量试补,130/M、120/S、110/XS,只补样板尺码，先看真实动销再放量,只做轻活动，不额外加深折扣,预算建议控制在常规补货的 30% 以内，先试单再决定是否扩量,先补核心样板尺码，再补相邻尺码，边缘尺码先不进
TNX1K60598X,麻灰色,裤类,夏,下一季试补,13.0,1137.22,3.0,13.0,0.23076923076923078,49.0,小量试补,小量试补,130/M、120/S、110/XS,只补样板尺码，先看真实动销再放量,只做轻活动，不额外加深折扣,预算建议控制在常规补货的 30% 以内，先试单再决定是否扩量,先补核心样板尺码，再补相邻尺码，边缘尺码先不进
TNX2K10228,款色,常规内裤,夏,下一季试补,23.0,1134.46,21.0,23.0,0.9130434782608695,71.0,小量试补,小量试补,130/M、120/S、110/XS,只补样板尺码，先看真实动销再放量,只做轻活动，不额外加深折扣,预算建议控制在常规补货的 30% 以内，先试单再决定是否扩量,先补核心样板尺码，再补相邻尺码，边缘尺码先不进
TNX2B80823X,款色,衣类,夏,下一季试补,12.0,1119.45,1.0,12.0,0.08333333333333333,47.0,小量试补,小量试补,130/M、120/S、110/XS,只补样板尺码，先看真实动销再放量,只做轻活动，不额外加深折扣,预算建议控制在常规补货的 30% 以内，先试单再决定是否扩量,先补核心样板尺码，再补相邻尺码，边缘尺码先不进
TNX1T20190Z,灰色,衣类,夏,下一季试补,14.0,1098.08,0.0,14.0,0.0,56.0,小量试补,小量试补,130/M、120/S、110/XS,只补样板尺码，先看真实动销再放量,只做轻活动，不额外加深折扣,预算建议控制在常规补货的 30% 以内，先试单再决定是否扩量,先补核心样板尺码，再补相邻尺码，边缘尺码先不进
TNX1K60608X,暗粉色,裤类,夏,下一季试补,10.0,1096.81,0.0,10.0,0.0,40.0,小量试补,小量试补,130/M、120/S、110/XS,只补样板尺码，先看真实动销再放量,只做轻活动，不额外加深折扣,预算建议控制在常规补货的 30% 以内，先试单再决定是否扩量,先补核心样板尺码，再补相邻尺码，边缘尺码先不进
TNC1Y90859X,款色,家居服,春,当季主推,6.0,1090.97,0.0,6.0,0.0,24.0,立即补货,先稳毛利再补,130/M、120/S、110/XS,先保高毛利主销，不靠深折补量,先做组合和套装，不建议继续加深折扣,预算先给主销核心款和核心尺码，不做平均补货,先补核心尺码，再补主销色，最后才补边缘尺码
TNX1K60606X,豆绿色,裤类,夏,下一季试补,9.0,1077.58,5.0,9.0,0.5555555555555556,31.0,小量试补,小量试补,130/M、120/S、110/XS,只补样板尺码，先看真实动销再放量,只做轻活动，不额外加深折扣,预算建议控制在常规补货的 30% 以内，先试单再决定是否扩量,先补核心样板尺码，再补相邻尺码，边缘尺码先不进
TNX1T20187Z,黄绿色,衣类,夏,下一季试补,12.0,1052.66,5.0,12.0,0.4166666666666667,43.0,小量试补,小量试补,130/M、120/S、110/XS,只补样板尺码，先看真实动销再放量,只做轻活动，不额外加深折扣,预算建议控制在常规补货的 30% 以内，先试单再决定是否扩量,先补核心样板尺码，再补相邻尺码，边缘尺码先不进
TOX1Y91080,款色,亲子家居,春,当季主推,4.0,1048.58,2.0,4.0,0.5,14.0,立即补货,优先保不断码,130/M、120/S、110/XS,先保核心尺码和主销色,可以做轻活动带连带，不建议先用降价换量,预算优先投给断码风险高的款，再补相邻尺码,先补核心尺码，再补主销色，最后补边缘尺码
TNX1K60599X,浅咖色,裤类,夏,下一季试补,11.0,1022.99,0.0,11.0,0.0,44.0,小量试补,小量试补,130/M、120/S、110/XS,只补样板尺码，先看真实动销再放量,只做轻活动，不额外加深折扣,预算建议控制在常规补货的 30% 以内，先试单再决定是否扩量,先补核心样板尺码，再补相邻尺码，边缘尺码先不进
TNX1K60612Z,米灰色,裤类,夏,下一季试补,7.0,1021.77,0.0,7.0,0.0,28.0,小量试补,小量试补,130/M、120/S、110/XS,只补样板尺码，先看真实动销再放量,只做轻活动，不额外加深折扣,预算建议控制在常规补货的 30% 以内，先试单再决定是否扩量,先补核心样板尺码，再补相邻尺码，边缘尺码先不进
TNX1K60612Z,深灰色,裤类,夏,下一季试补,7.0,1019.85,0.0,7.0,0.0,28.0,小量试补,小量试补,130/M、120/S、110/XS,只补样板尺码，先看真实动销再放量,只做轻活动，不额外加深折扣,预算建议控制在常规补货的 30% 以内，先试单再决定是否扩量,先补核心样板尺码，再补相邻尺码，边缘尺码先不进
TNX2K50269,款色,常规内裤,夏,下一季试补,23.0,1018.73,12.0,23.0,0.5217391304347826,80.0,小量试补,小量试补,130/M、120/S、110/XS,只补样板尺码，先看真实动销再放量,只做轻活动，不额外加深折扣,预算建议控制在常规补货的 30% 以内，先试单再决定是否扩量,先补核心样板尺码，再补相邻尺码，边缘尺码先不进
TNX1T20173X,米灰色,衣类,夏,下一季试补,16.0,1007.68,0.0,16.0,0.0,64.0,小量试补,小量试补,130/M、120/S、110/XS,只补样板尺码，先看真实动销再放量,只做轻活动，不额外加深折扣,预算建议控制在常规补货的 30% 以内，先试单再决定是否扩量,先补核心样板尺码，再补相邻尺码，边缘尺码先不进
TNX1T20187Z,灰色,衣类,夏,下一季试补,11.0,998.41,0.0,11.0,0.0,44.0,小量试补,小量试补,130/M、120/S、110/XS,只补样板尺码，先看真实动销再放量,只做轻活动，不额外加深折扣,预算建议控制在常规补货的 30% 以内，先试单再决定是否扩量,先补核心样板尺码，再补相邻尺码，边缘尺码先不进
TNX1Y90870D,粉色,家居服,夏,下一季试补,4.0,991.75,0.0,4.0,0.0,16.0,小量试补,小量试补,130/M、120/S、110/XS,只补样板尺码，先看真实动销再放量,只做轻活动，不额外加深折扣,预算建议控制在常规补货的 30% 以内，先试单再决定是否扩量,先补核心样板尺码，再补相邻尺码，边缘尺码先不进
TNX1T20197Z,白色,衣类,夏,下一季试补,14.0,973.66,0.0,14.0,0.0,56.0,小量试补,小量试补,130/M、120/S、110/XS,只补样板尺码，先看真实动销再放量,只做轻活动，不额外加深折扣,预算建议控制在常规补货的 30% 以内，先试单再决定是否扩量,先补核心样板尺码，再补相邻尺码，边缘尺码先不进
TNX2K50277,款色,常规内裤,夏,下一季试补,20.0,968.58,20.0,20.0,1.0,60.0,小量试补,小量试补,130/M、120/S、110/XS,只补样板尺码，先看真实动销再放量,只做轻活动，不额外加深折扣,预算建议控制在常规补货的 30% 以内，先试单再决定是否扩量,先补核心样板尺码，再补相邻尺码，边缘尺码先不进
TNX1Y90872X,款色,家居服,夏,下一季试补,6.0,961.25,1.0,6.0,0.16666666666666666,23.0,小量试补,小量试补,130/M、120/S、110/XS,只补样板尺码，先看真实动销再放量,只做轻活动，不额外加深折扣,预算建议控制在常规补货的 30% 以内，先试单再决定是否扩量,先补核心样板尺码，再补相邻尺码，边缘尺码先不进
TNX1K60607X,米灰色,裤类,夏,下一季试补,10.0,954.85,-1.0,10.0,-0.1,41.0,先校库存再补货,先校库存,130/M、120/S、110/XS,库存口径异常，先别下单,先校库存，先别谈活动和折扣,库存异常款先不下单，预算留给正常主销款,先查账、查盘点、查调拨，确认后再补
TNX1Y90870X,粉色,家居服,夏,下一季试补,5.0,948.88,1.0,5.0,0.2,19.0,小量试补,小量试补,130/M、120/S、110/XS,只补样板尺码，先看真实动销再放量,只做轻活动，不额外加深折扣,预算建议控制在常规补货的 30% 以内，先试单再决定是否扩量,先补核心样板尺码，再补相邻尺码，边缘尺码先不进
TNX1T20194Z,奶白色,衣类,夏,下一季试补,13.0,932.42,0.0,13.0,0.0,52.0,小量试补,小量试补,130/M、120/S、110/XS,只补样板尺码，先看真实动销再放量,只做轻活动，不额外加深折扣,预算建议控制在常规补货的 30% 以内，先试单再决定是否扩量,先补核心样板尺码，再补相邻尺码，边缘尺码先不进
TNX1T20186X,红白条,衣类,夏,下一季试补,16.0,930.99,0.0,16.0,0.0,64.0,小量试补,小量试补,130/M、120/S、110/XS,只补样板尺码，先看真实动销再放量,只做轻活动，不额外加深折扣,预算建议控制在常规补货的 30% 以内，先试单再决定是否扩量,先补核心样板尺码，再补相邻尺码，边缘尺码先不进
TNX1Y90904Z,款色,家居服,夏,下一季试补,5.0,930.79,0.0,5.0,0.0,20.0,小量试补,小量试补,130/M、120/S、110/XS,只补样板尺码，先看真实动销再放量,只做轻活动，不额外加深折扣,预算建议控制在常规补货的 30% 以内，先试单再决定是否扩量,先补核心样板尺码，再补相邻尺码，边缘尺码先不进
TNX1K60609Z,蓝色,裤类,夏,下一季试补,5.0,925.96,1.0,5.0,0.2,19.0,小量试补,小量试补,130/M、120/S、110/XS,只补样板尺码，先看真实动销再放量,只做轻活动，不额外加深折扣,预算建议控制在常规补货的 30% 以内，先试单再决定是否扩量,先补核心样板尺码，再补相邻尺码，边缘尺码先不进
TNC1Y80828X,蓝色,家居服,春,当季主推,5.0,922.43,0.0,5.0,0.0,20.0,立即补货,先稳毛利再补,130/M、120/S、110/XS,先保高毛利主销，不靠深折补量,先做组合和套装，不建议继续加深折扣,预算先给主销核心款和核心尺码，不做平均补货,先补核心尺码，再补主销色，最后才补边缘尺码
TOX1Y91103X,粉紫色,防晒服,夏,下一季试补,4.0,920.14,1.0,4.0,0.25,15.0,小量试补,小量试补,130/M、120/S、110/XS,只补样板尺码，先看真实动销再放量,只做轻活动，不额外加深折扣,预算建议控制在常规补货的 30% 以内，先试单再决定是否扩量,先补核心样板尺码，再补相邻尺码，边缘尺码先不进
TNC1Y90856D,款色,家居服,春,当季主推,4.0,904.82,0.0,4.0,0.0,16.0,立即补货,先稳毛利再补,130/M、120/S、110/XS,先保高毛利主销，不靠深折补量,先做组合和套装，不建议继续加深折扣,预算先给主销核心款和核心尺码，不做平均补货,先补核心尺码，再补主销色，最后才补边缘尺码
TNX1T20186X,黑白条,衣类,夏,下一季试补,15.0,902.43,0.0,15.0,0.0,60.0,小量试补,小量试补,130/M、120/S、110/XS,只补样板尺码，先看真实动销再放量,只做轻活动，不额外加深折扣,预算建议控制在常规补货的 30% 以内，先试单再决定是否扩量,先补核心样板尺码，再补相邻尺码，边缘尺码先不进
TNX3W30774,款色,儿童袜,夏,下一季试补,17.0,893.33,1.0,17.0,0.058823529411764705,67.0,小量试补,小量试补,130/M、120/S、110/XS,只补样板尺码，先看真实动销再放量,只做轻活动，不额外加深折扣,预算建议控制在常规补货的 30% 以内，先试单再决定是否扩量,先补核心样板尺码，再补相邻尺码，边缘尺码先不进
TNC1Y90861D,款色,家居服,春,当季主推,4.0,892.3,-1.0,4.0,-0.25,17.0,先校库存再补货,先校库存,130/M、120/S、110/XS,库存口径异常，先别下单,先校库存，先别谈活动和折扣,库存异常款先不下单，预算留给正常主销款,先查账、查盘点、查调拨，确认后再补
TNC1K60597Z,灰色,裤类,春,当季主推,7.0,886.58,0.0,7.0,0.0,28.0,立即补货,先稳毛利再补,130/M、120/S、110/XS,先保高毛利主销，不靠深折补量,先做组合和套装，不建议继续加深折扣,预算先给主销核心款和核心尺码，不做平均补货,先补核心尺码，再补主销色，最后才补边缘尺码
TNX1K60605X,墨绿色,裤类,夏,下一季试补,9.0,885.16,0.0,9.0,0.0,36.0,小量试补,小量试补,130/M、120/S、110/XS,只补样板尺码，先看真实动销再放量,只做轻活动，不额外加深折扣,预算建议控制在常规补货的 30% 以内，先试单再决定是否扩量,先补核心样板尺码，再补相邻尺码，边缘尺码先不进
TNX1Y90901X,款色,家居服,夏,下一季试补,6.0,880.15,3.0,6.0,0.5,21.0,小量试补,小量试补,130/M、120/S、110/XS,只补样板尺码，先看真实动销再放量,只做轻活动，不额外加深折扣,预算建议控制在常规补货的 30% 以内，先试单再决定是否扩量,先补核心样板尺码，再补相邻尺码，边缘尺码先不进
TNX1Y90913Z,米黄色,防晒服,夏,下一季试补,3.0,864.96,3.0,3.0,1.0,9.0,小量试补,小量试补,130/M、120/S、110/XS,只补样板尺码，先看真实动销再放量,只做轻活动，不额外加深折扣,预算建议控制在常规补货的 30% 以内，先试单再决定是否扩量,先补核心样板尺码，再补相邻尺码，边缘尺码先不进
TNX2B90853X,款色,衣类,夏,下一季试补,12.0,845.54,-1.0,12.0,-0.08333333333333333,49.0,先校库存再补货,先校库存,130/M、120/S、110/XS,库存口径异常，先别下单,先校库存，先别谈活动和折扣,库存异常款先不下单，预算留给正常主销款,先查账、查盘点、查调拨，确认后再补
TNX1T20190Z,绿色,衣类,夏,下一季试补,11.0,841.18,1.0,11.0,0.09090909090909091,43.0,小量试补,小量试补,130/M、120/S、110/XS,只补样板尺码，先看真实动销再放量,只做轻活动，不额外加深折扣,预算建议控制在常规补货的 30% 以内，先试单再决定是否扩量,先补核心样板尺码，再补相邻尺码，边缘尺码先不进
TNX2B80824X,款色,衣类,夏,下一季试补,9.0,831.56,0.0,9.0,0.0,36.0,小量试补,小量试补,130/M、120/S、110/XS,只补样板尺码，先看真实动销再放量,只做轻活动，不额外加深折扣,预算建议控制在常规补货的 30% 以内，先试单再决定是否扩量,先补核心样板尺码，再补相邻尺码，边缘尺码先不进
TNX1T20183X,米灰色,衣类,夏,下一季试补,12.0,829.28,0.0,12.0,0.0,48.0,小量试补,小量试补,130/M、120/S、110/XS,只补样板尺码，先看真实动销再放量,只做轻活动，不额外加深折扣,预算建议控制在常规补货的 30% 以内，先试单再决定是否扩量,先补核心样板尺码，再补相邻尺码，边缘尺码先不进
TNX1Y80854X,蓝灰色,家居服,夏,下一季试补,5.0,828.32,0.0,5.0,0.0,20.0,小量试补,小量试补,130/M、120/S、110/XS,只补样板尺码，先看真实动销再放量,只做轻活动，不额外加深折扣,预算建议控制在常规补货的 30% 以内，先试单再决定是否扩量,先补核心样板尺码，再补相邻尺码，边缘尺码先不进
TNX1Y80850X,麻灰色,家居服,夏,下一季试补,6.0,816.93,0.0,6.0,0.0,24.0,小量试补,小量试补,130/M、120/S、110/XS,只补样板尺码，先看真实动销再放量,只做轻活动，不额外加深折扣,预算建议控制在常规补货的 30% 以内，先试单再决定是否扩量,先补核心样板尺码，再补相邻尺码，边缘尺码先不进
TNX1K60605X,粉色,裤类,夏,下一季试补,8.0,814.97,0.0,8.0,0.0,32.0,小量试补,小量试补,130/M、120/S、110/XS,只补样板尺码，先看真实动销再放量,只做轻活动，不额外加深折扣,预算建议控制在常规补货的 30% 以内，先试单再决定是否扩量,先补核心样板尺码，再补相邻尺码，边缘尺码先不进
TNX1T20179X,蓝色,衣类,夏,下一季试补,16.0,813.2,-1.0,16.0,-0.0625,65.0,先校库存再补货,先校库存,130/M、120/S、110/XS,库存口径异常，先别下单,先校库存，先别谈活动和折扣,库存异常款先不下单，预算留给正常主销款,先查账、查盘点、查调拨，确认后再补
TNX1Y90906D,款色,家居服,夏,下一季试补,4.0,808.89,1.0,4.0,0.25,15.0,小量试补,小量试补,130/M、120/S、110/XS,只补样板尺码，先看真实动销再放量,只做轻活动，不额外加深折扣,预算建议控制在常规补货的 30% 以内，先试单再决定是否扩量,先补核心样板尺码，再补相邻尺码，边缘尺码先不进
TNC1Y80829X,米白色,家居服,春,当季主推,5.0,800.97,0.0,5.0,0.0,20.0,立即补货,先稳毛利再补,130/M、120/S、110/XS,先保高毛利主销，不靠深折补量,先做组合和套装，不建议继续加深折扣,预算先给主销核心款和核心尺码，不做平均补货,先补核心尺码，再补主销色，最后才补边缘尺码
TNX1Y80861X,棕色,家居服,夏,下一季试补,5.0,792.66,0.0,5.0,0.0,20.0,小量试补,小量试补,130/M、120/S、110/XS,只补样板尺码，先看真实动销再放量,只做轻活动，不额外加深折扣,预算建议控制在常规补货的 30% 以内，先试单再决定是否扩量,先补核心样板尺码，再补相邻尺码，边缘尺码先不进
TNX1Y90870X,灰色,家居服,夏,下一季试补,4.0,786.69,0.0,4.0,0.0,16.0,小量试补,小量试补,130/M、120/S、110/XS,只补样板尺码，先看真实动销再放量,只做轻活动，不额外加深折扣,预算建议控制在常规补货的 30% 以内，先试单再决定是否扩量,先补核心样板尺码，再补相邻尺码，边缘尺码先不进
TNC1Y90855Z,粉色,家居服,春,当季主推,4.0,784.8,0.0,4.0,0.0,16.0,立即补货,先稳毛利再补,130/M、120/S、110/XS,先保高毛利主销，不靠深折补量,先做组合和套装，不建议继续加深折扣,预算先给主销核心款和核心尺码，不做平均补货,先补核心尺码，再补主销色，最后才补边缘尺码
TNC1Y90856Z,款色,家居服,春,当季主推,4.0,775.39,0.0,4.0,0.0,16.0,立即补货,先稳毛利再补,130/M、120/S、110/XS,先保高毛利主销，不靠深折补量,先做组合和套装，不建议继续加深折扣,预算先给主销核心款和核心尺码，不做平均补货,先补核心尺码，再补主销色，最后才补边缘尺码
TNC5W30832,款色,儿童袜,春,当季主推,15.0,763.58,0.0,15.0,0.0,60.0,立即补货,优先保不断码,130/M、120/S、110/XS,先保核心尺码和主销色,可以做轻活动带连带，不建议先用降价换量,预算优先投给断码风险高的款，再补相邻尺码,先补核心尺码，再补主销色，最后补边缘尺码
TNX1Y90886X,奶白色,家居服,夏,下一季试补,6.0,758.68,2.0,6.0,0.3333333333333333,22.0,小量试补,小量试补,130/M、120/S、110/XS,只补样板尺码，先看真实动销再放量,只做轻活动，不额外加深折扣,预算建议控制在常规补货的 30% 以内，先试单再决定是否扩量,先补核心样板尺码，再补相邻尺码，边缘尺码先不进
TNX1W30739,款色,儿童袜,夏,下一季试补,35.0,755.46,9.0,35.0,0.2571428571428571,131.0,小量试补,小量试补,130/M、120/S、110/XS,只补样板尺码，先看真实动销再放量,只做轻活动，不额外加深折扣,预算建议控制在常规补货的 30% 以内，先试单再决定是否扩量,先补核心样板尺码，再补相邻尺码，边缘尺码先不进
TNX1Y80844Z,款色,家居服,夏,下一季试补,5.0,754.42,1.0,5.0,0.2,19.0,小量试补,小量试补,130/M、120/S、110/XS,只补样板尺码，先看真实动销再放量,只做轻活动，不额外加深折扣,预算建议控制在常规补货的 30% 以内，先试单再决定是否扩量,先补核心样板尺码，再补相邻尺码，边缘尺码先不进
TNX1Y80861X,藏青色,家居服,夏,下一季试补,5.0,754.35,2.0,5.0,0.4,18.0,小量试补,小量试补,130/M、120/S、110/XS,只补样板尺码，先看真实动销再放量,只做轻活动，不额外加深折扣,预算建议控制在常规补货的 30% 以内，先试单再决定是否扩量,先补核心样板尺码，再补相邻尺码，边缘尺码先不进
TNX1T20179X,绿色,衣类,夏,下一季试补,15.0,753.33,0.0,15.0,0.0,60.0,小量试补,小量试补,130/M、120/S、110/XS,只补样板尺码，先看真实动销再放量,只做轻活动，不额外加深折扣,预算建议控制在常规补货的 30% 以内，先试单再决定是否扩量,先补核心样板尺码，再补相邻尺码，边缘尺码先不进
TMX3K50217,款色,常规内裤,夏,下一季试补,10.0,749.21,4.0,10.0,0.4,36.0,小量试补,小量试补,130/M、120/S、110/XS,只补样板尺码，先看真实动销再放量,只做轻活动，不额外加深折扣,预算建议控制在常规补货的 30% 以内，先试单再决定是否扩量,先补核心样板尺码，再补相邻尺码，边缘尺码先不进
TNC1Y90861Z,款色,家居服,春,当季主推,4.0,749.06,-1.0,4.0,-0.25,17.0,先校库存再补货,先校库存,130/M、120/S、110/XS,库存口径异常，先别下单,先校库存，先别谈活动和折扣,库存异常款先不下单，预算留给正常主销款,先查账、查盘点、查调拨，确认后再补
TNX1Y90885D,款色,家居服,夏,下一季试补,4.0,745.51,0.0,4.0,0.0,16.0,小量试补,小量试补,130/M、120/S、110/XS,只补样板尺码，先看真实动销再放量,只做轻活动，不额外加深折扣,预算建议控制在常规补货的 30% 以内，先试单再决定是否扩量,先补核心样板尺码，再补相邻尺码，边缘尺码先不进
TNX1Y80844X,款色,家居服,夏,下一季试补,6.0,741.69,0.0,6.0,0.0,24.0,小量试补,小量试补,130/M、120/S、110/XS,只补样板尺码，先看真实动销再放量,只做轻活动，不额外加深折扣,预算建议控制在常规补货的 30% 以内，先试单再决定是否扩量,先补核心样板尺码，再补相邻尺码，边缘尺码先不进
TOX5W31004,款色,儿童袜,夏,下一季试补,11.0,739.4,10.0,11.0,0.9090909090909091,34.0,小量试补,小量试补,130/M、120/S、110/XS,只补样板尺码，先看真实动销再放量,只做轻活动，不额外加深折扣,预算建议控制在常规补货的 30% 以内，先试单再决定是否扩量,先补核心样板尺码，再补相邻尺码，边缘尺码先不进
TNX1T20179X,米白色,衣类,夏,下一季试补,14.0,736.47,0.0,14.0,0.0,56.0,小量试补,小量试补,130/M、120/S、110/XS,只补样板尺码，先看真实动销再放量,只做轻活动，不额外加深折扣,预算建议控制在常规补货的 30% 以内，先试单再决定是否扩量,先补核心样板尺码，再补相邻尺码，边缘尺码先不进
TOX1Y91103X,青草绿,防晒服,夏,下一季试补,3.0,734.31,2.0,3.0,0.6666666666666666,10.0,小量试补,小量试补,130/M、120/S、110/XS,只补样板尺码，先看真实动销再放量,只做轻活动，不额外加深折扣,预算建议控制在常规补货的 30% 以内，先试单再决定是否扩量,先补核心样板尺码，再补相邻尺码，边缘尺码先不进
TNX1T20181X,浅卡其,衣类,夏,下一季试补,10.0,726.1,0.0,10.0,0.0,40.0,小量试补,小量试补,130/M、120/S、110/XS,只补样板尺码，先看真实动销再放量,只做轻活动，不额外加深折扣,预算建议控制在常规补货的 30% 以内，先试单再决定是否扩量,先补核心样板尺码，再补相邻尺码，边缘尺码先不进
TNX1Y90902Z,粉色,家居服,夏,下一季试补,5.0,718.37,0.0,5.0,0.0,20.0,小量试补,小量试补,130/M、120/S、110/XS,只补样板尺码，先看真实动销再放量,只做轻活动，不额外加深折扣,预算建议控制在常规补货的 30% 以内，先试单再决定是否扩量,先补核心样板尺码，再补相邻尺码，边缘尺码先不进
TNX1K60615Z,灰绿色,裤类,夏,下一季试补,6.0,713.53,0.0,6.0,0.0,24.0,小量试补,小量试补,130/M、120/S、110/XS,只补样板尺码，先看真实动销再放量,只做轻活动，不额外加深折扣,预算建议控制在常规补货的 30% 以内，先试单再决定是否扩量,先补核心样板尺码，再补相邻尺码，边缘尺码先不进
TNX1T20192Z,浅灰色,衣类,夏,下一季试补,6.0,705.58,0.0,6.0,0.0,24.0,小量试补,小量试补,130/M、120/S、110/XS,只补样板尺码，先看真实动销再放量,只做轻活动，不额外加深折扣,预算建议控制在常规补货的 30% 以内，先试单再决定是否扩量,先补核心样板尺码，再补相邻尺码，边缘尺码先不进
TOX2B81061M,款色,衣类,夏,下一季试补,8.0,703.3,12.0,8.0,1.5,20.0,小量试补,小量试补,130/M、120/S、110/XS,只补样板尺码，先看真实动销再放量,只做轻活动，不额外加深折扣,预算建议控制在常规补货的 30% 以内，先试单再决定是否扩量,先补核心样板尺码，再补相邻尺码，边缘尺码先不进
TNX1Y90865D,款色,家居服,夏,下一季试补,3.0,691.96,1.0,3.0,0.3333333333333333,11.0,小量试补,小量试补,130/M、120/S、110/XS,只补样板尺码，先看真实动销再放量,只做轻活动，不额外加深折扣,预算建议控制在常规补货的 30% 以内，先试单再决定是否扩量,先补核心样板尺码，再补相邻尺码，边缘尺码先不进
TNX1Y80866X,款色,家居服,夏,下一季试补,5.0,691.76,0.0,5.0,0.0,20.0,小量试补,小量试补,130/M、120/S、110/XS,只补样板尺码，先看真实动销再放量,只做轻活动，不额外加深折扣,预算建议控制在常规补货的 30% 以内，先试单再决定是否扩量,先补核心样板尺码，再补相邻尺码，边缘尺码先不进
TMX1W30569,款色,儿童袜,夏,下一季试补,37.0,689.35,7.0,37.0,0.1891891891891892,141.0,小量试补,小量试补,130/M、120/S、110/XS,只补样板尺码，先看真实动销再放量,只做轻活动，不额外加深折扣,预算建议控制在常规补货的 30% 以内，先试单再决定是否扩量,先补核心样板尺码，再补相邻尺码，边缘尺码先不进
TNX1Y90899Z,粉色,家居服,夏,下一季试补,6.0,688.11,0.0,6.0,0.0,24.0,小量试补,小量试补,130/M、120/S、110/XS,只补样板尺码，先看真实动销再放量,只做轻活动，不额外加深折扣,预算建议控制在常规补货的 30% 以内，先试单再决定是否扩量,先补核心样板尺码，再补相邻尺码，边缘尺码先不进
TNX1B90842A,粉色,少女文胸,夏,下一季试补,12.0,687.04,0.0,12.0,0.0,48.0,小量试补,小量试补,130/M、120/S、110/XS,只补样板尺码，先看真实动销再放量,只做轻活动，不额外加深折扣,预算建议控制在常规补货的 30% 以内，先试单再决定是否扩量,先补核心样板尺码，再补相邻尺码，边缘尺码先不进
TNX1K60605X,灰绿色,裤类,夏,下一季试补,7.0,686.87,0.0,7.0,0.0,28.0,小量试补,小量试补,130/M、120/S、110/XS,只补样板尺码，先看真实动销再放量,只做轻活动，不额外加深折扣,预算建议控制在常规补货的 30% 以内，先试单再决定是否扩量,先补核心样板尺码，再补相邻尺码，边缘尺码先不进
TNX1Y90872Z,款色,家居服,夏,下一季试补,4.0,684.47,2.0,4.0,0.5,14.0,小量试补,小量试补,130/M、120/S、110/XS,只补样板尺码，先看真实动销再放量,只做轻活动，不额外加深折扣,预算建议控制在常规补货的 30% 以内，先试单再决定是否扩量,先补核心样板尺码，再补相邻尺码，边缘尺码先不进
TNX5W30807,款色,儿童袜,夏,下一季试补,12.0,677.73,-2.0,12.0,-0.16666666666666666,50.0,先校库存再补货,先校库存,130/M、120/S、110/XS,库存口径异常，先别下单,先校库存，先别谈活动和折扣,库存异常款先不下单，预算留给正常主销款,先查账、查盘点、查调拨，确认后再补
TOC1Y81051,款色,亲子家居,春,当季主推,3.0,675.76,4.0,3.0,1.3333333333333333,8.0,优先补货,按周销快返,130/M、120/S、110/XS,按近几周动销做小单多次补货,维持正常折扣，先做场景推荐和组合带量,预算以小单快返为主，观察一周后再决定是否放量,先补主销尺码，再补相邻尺码，边缘款继续观察
TNX1T20174X,米黄色,衣类,夏,下一季试补,10.0,669.63,0.0,10.0,0.0,40.0,小量试补,小量试补,130/M、120/S、110/XS,只补样板尺码，先看真实动销再放量,只做轻活动，不额外加深折扣,预算建议控制在常规补货的 30% 以内，先试单再决定是否扩量,先补核心样板尺码，再补相邻尺码，边缘尺码先不进
TNX2B80821X,款色,衣类,夏,下一季试补,7.0,662.32,-1.0,7.0,-0.14285714285714285,29.0,先校库存再补货,先校库存,130/M、120/S、110/XS,库存口径异常，先别下单,先校库存，先别谈活动和折扣,库存异常款先不下单，预算留给正常主销款,先查账、查盘点、查调拨，确认后再补
TNX3W30775,款色,儿童袜,夏,下一季试补,19.0,661.63,0.0,19.0,0.0,76.0,小量试补,小量试补,130/M、120/S、110/XS,只补样板尺码，先看真实动销再放量,只做轻活动，不额外加深折扣,预算建议控制在常规补货的 30% 以内，先试单再决定是否扩量,先补核心样板尺码，再补相邻尺码，边缘尺码先不进
TNX1T20180X,绿色,衣类,夏,下一季试补,10.0,658.4,-1.0,10.0,-0.1,41.0,先校库存再补货,先校库存,130/M、120/S、110/XS,库存口径异常，先别下单,先校库存，先别谈活动和折扣,库存异常款先不下单，预算留给正常主销款,先查账、查盘点、查调拨，确认后再补
TNX1Y80866D,款色,家居服,夏,下一季试补,4.0,646.23,0.0,4.0,0.0,16.0,小量试补,小量试补,130/M、120/S、110/XS,只补样板尺码，先看真实动销再放量,只做轻活动，不额外加深折扣,预算建议控制在常规补货的 30% 以内，先试单再决定是否扩量,先补核心样板尺码，再补相邻尺码，边缘尺码先不进
TNX1B90842A,米色,少女文胸,夏,下一季试补,11.0,644.95,0.0,11.0,0.0,44.0,小量试补,小量试补,130/M、120/S、110/XS,只补样板尺码，先看真实动销再放量,只做轻活动，不额外加深折扣,预算建议控制在常规补货的 30% 以内，先试单再决定是否扩量,先补核心样板尺码，再补相邻尺码，边缘尺码先不进
TNX1Y80852X,款色,家居服,夏,下一季试补,4.0,642.22,0.0,4.0,0.0,16.0,小量试补,小量试补,130/M、120/S、110/XS,只补样板尺码，先看真实动销再放量,只做轻活动，不额外加深折扣,预算建议控制在常规补货的 30% 以内，先试单再决定是否扩量,先补核心样板尺码，再补相邻尺码，边缘尺码先不进
TNX1T20185X,白色,衣类,夏,下一季试补,12.0,638.63,0.0,12.0,0.0,48.0,小量试补,小量试补,130/M、120/S、110/XS,只补样板尺码，先看真实动销再放量,只做轻活动，不额外加深折扣,预算建议控制在常规补货的 30% 以内，先试单再决定是否扩量,先补核心样板尺码，再补相邻尺码，边缘尺码先不进
TNX1Y90863Z,米白色,家居服,夏,下一季试补,3.0,631.3,0.0,3.0,0.0,12.0,小量试补,小量试补,130/M、120/S、110/XS,只补样板尺码，先看真实动销再放量,只做轻活动，不额外加深折扣,预算建议控制在常规补货的 30% 以内，先试单再决定是否扩量,先补核心样板尺码，再补相邻尺码，边缘尺码先不进
TNX1Y90902D,粉色,家居服,夏,下一季试补,4.0,630.7,0.0,4.0,0.0,16.0,小量试补,小量试补,130/M、120/S、110/XS,只补样板尺码，先看真实动销再放量,只做轻活动，不额外加深折扣,预算建议控制在常规补货的 30% 以内，先试单再决定是否扩量,先补核心样板尺码，再补相邻尺码，边缘尺码先不进
TNX3W30768,款色,儿童袜,夏,下一季试补,19.0,628.93,0.0,19.0,0.0,76.0,小量试补,小量试补,130/M、120/S、110/XS,只补样板尺码，先看真实动销再放量,只做轻活动，不额外加深折扣,预算建议控制在常规补货的 30% 以内，先试单再决定是否扩量,先补核心样板尺码，再补相邻尺码，边缘尺码先不进
TNX1Y90902X,粉色,家居服,夏,下一季试补,5.0,625.05,0.0,5.0,0.0,20.0,小量试补,小量试补,130/M、120/S、110/XS,只补样板尺码，先看真实动销再放量,只做轻活动，不额外加深折扣,预算建议控制在常规补货的 30% 以内，先试单再决定是否扩量,先补核心样板尺码，再补相邻尺码，边缘尺码先不进
TNX5W30810,款色,儿童袜,夏,下一季试补,12.0,618.93,0.0,12.0,0.0,48.0,小量试补,小量试补,130/M、120/S、110/XS,只补样板尺码，先看真实动销再放量,只做轻活动，不额外加深折扣,预算建议控制在常规补货的 30% 以内，先试单再决定是否扩量,先补核心样板尺码，再补相邻尺码，边缘尺码先不进
TNX1Y80866Z,款色,家居服,夏,下一季试补,4.0,618.47,0.0,4.0,0.0,16.0,小量试补,小量试补,130/M、120/S、110/XS,只补样板尺码，先看真实动销再放量,只做轻活动，不额外加深折扣,预算建议控制在常规补货的 30% 以内，先试单再决定是否扩量,先补核心样板尺码，再补相邻尺码，边缘尺码先不进
TNX5W30811,款色,儿童袜,夏,下一季试补,12.0,615.74,0.0,12.0,0.0,48.0,小量试补,小量试补,130/M、120/S、110/XS,只补样板尺码，先看真实动销再放量,只做轻活动，不额外加深折扣,预算建议控制在常规补货的 30% 以内，先试单再决定是否扩量,先补核心样板尺码，再补相邻尺码，边缘尺码先不进
TNX1W30749,款色,儿童袜,夏,下一季试补,55.0,614.87,2.0,55.0,0.03636363636363636,218.0,小量试补,小量试补,130/M、120/S、110/XS,只补样板尺码，先看真实动销再放量,只做轻活动，不额外加深折扣,预算建议控制在常规补货的 30% 以内，先试单再决定是否扩量,先补核心样板尺码，再补相邻尺码，边缘尺码先不进
TNC1Y80829Z,蓝灰色,家居服,春,当季主推,3.0,612.8,0.0,3.0,0.0,12.0,立即补货,先稳毛利再补,130/M、120/S、110/XS,先保高毛利主销，不靠深折补量,先做组合和套装，不建议继续加深折扣,预算先给主销核心款和核心尺码，不做平均补货,先补核心尺码，再补主销色，最后才补边缘尺码
TNX5W30831,款色,儿童袜,夏,下一季试补,12.0,608.81,0.0,12.0,0.0,48.0,小量试补,小量试补,130/M、120/S、110/XS,只补样板尺码，先看真实动销再放量,只做轻活动，不额外加深折扣,预算建议控制在常规补货的 30% 以内，先试单再决定是否扩量,先补核心样板尺码，再补相邻尺码，边缘尺码先不进
TNX1Y90875Z,款色,家居服,夏,下一季试补,3.0,606.72,0.0,3.0,0.0,12.0,小量试补,小量试补,130/M、120/S、110/XS,只补样板尺码，先看真实动销再放量,只做轻活动，不额外加深折扣,预算建议控制在常规补货的 30% 以内，先试单再决定是否扩量,先补核心样板尺码，再补相邻尺码，边缘尺码先不进
TNX1T20192Z,白色,衣类,夏,下一季试补,5.0,602.23,0.0,5.0,0.0,20.0,小量试补,小量试补,130/M、120/S、110/XS,只补样板尺码，先看真实动销再放量,只做轻活动，不额外加深折扣,预算建议控制在常规补货的 30% 以内，先试单再决定是否扩量,先补核心样板尺码，再补相邻尺码，边缘尺码先不进
TNX1T20186X,紫咖条,衣类,夏,下一季试补,11.0,600.88,-1.0,11.0,-0.09090909090909091,45.0,先校库存再补货,先校库存,130/M、120/S、110/XS,库存口径异常，先别下单,先校库存，先别谈活动和折扣,库存异常款先不下单，预算留给正常主销款,先查账、查盘点、查调拨，确认后再补
TNX5W30814,款色,儿童袜,夏,下一季试补,12.0,600.36,2.0,12.0,0.16666666666666666,46.0,小量试补,小量试补,130/M、120/S、110/XS,只补样板尺码，先看真实动销再放量,只做轻活动，不额外加深折扣,预算建议控制在常规补货的 30% 以内，先试单再决定是否扩量,先补核心样板尺码，再补相邻尺码，边缘尺码先不进
TNX1Y90870Z,粉色,家居服,夏,下一季试补,3.0,595.57,2.0,3.0,0.6666666666666666,10.0,小量试补,小量试补,130/M、120/S、110/XS,只补样板尺码，先看真实动销再放量,只做轻活动，不额外加深折扣,预算建议控制在常规补货的 30% 以内，先试单再决定是否扩量,先补核心样板尺码，再补相邻尺码，边缘尺码先不进
TNX3W30767,款色,儿童袜,夏,下一季试补,18.0,595.24,2.0,18.0,0.1111111111111111,70.0,小量试补,小量试补,130/M、120/S、110/XS,只补样板尺码，先看真实动销再放量,只做轻活动，不额外加深折扣,预算建议控制在常规补货的 30% 以内，先试单再决定是否扩量,先补核心样板尺码，再补相邻尺码，边缘尺码先不进
TNX1T20173X,米黄色,衣类,夏,下一季试补,9.0,592.15,1.0,9.0,0.1111111111111111,35.0,小量试补,小量试补,130/M、120/S、110/XS,只补样板尺码，先看真实动销再放量,只做轻活动，不额外加深折扣,预算建议控制在常规补货的 30% 以内，先试单再决定是否扩量,先补核心样板尺码，再补相邻尺码，边缘尺码先不进
TNX1Y90899X,粉色,家居服,夏,下一季试补,6.0,589.57,0.0,6.0,0.0,24.0,小量试补,小量试补,130/M、120/S、110/XS,只补样板尺码，先看真实动销再放量,只做轻活动，不额外加深折扣,预算建议控制在常规补货的 30% 以内，先试单再决定是否扩量,先补核心样板尺码，再补相邻尺码，边缘尺码先不进
TNX5W30802,款色,儿童袜,夏,下一季试补,11.0,588.88,2.0,11.0,0.18181818181818182,42.0,小量试补,小量试补,130/M、120/S、110/XS,只补样板尺码，先看真实动销再放量,只做轻活动，不额外加深折扣,预算建议控制在常规补货的 30% 以内，先试单再决定是否扩量,先补核心样板尺码，再补相邻尺码，边缘尺码先不进
TNX1T20176X,米白色,衣类,夏,下一季试补,10.0,586.65,0.0,10.0,0.0,40.0,小量试补,小量试补,130/M、120/S、110/XS,只补样板尺码，先看真实动销再放量,只做轻活动，不额外加深折扣,预算建议控制在常规补货的 30% 以内，先试单再决定是否扩量,先补核心样板尺码，再补相邻尺码，边缘尺码先不进
TLX1K60274Z,款色,裤类,夏,下一季试补,6.0,580.04,4.0,6.0,0.6666666666666666,20.0,小量试补,小量试补,130/M、120/S、110/XS,只补样板尺码，先看真实动销再放量,只做轻活动，不额外加深折扣,预算建议控制在常规补货的 30% 以内，先试单再决定是否扩量,先补核心样板尺码，再补相邻尺码，边缘尺码先不进
TNX5W30800,款色,儿童袜,夏,下一季试补,11.0,576.0,1.0,11.0,0.09090909090909091,43.0,小量试补,小量试补,130/M、120/S、110/XS,只补样板尺码，先看真实动销再放量,只做轻活动，不额外加深折扣,预算建议控制在常规补货的 30% 以内，先试单再决定是否扩量,先补核心样板尺码，再补相邻尺码，边缘尺码先不进
TNX1Y90866D,款色,家居服,夏,下一季试补,3.0,572.85,0.0,3.0,0.0,12.0,小量试补,小量试补,130/M、120/S、110/XS,只补样板尺码，先看真实动销再放量,只做轻活动，不额外加深折扣,预算建议控制在常规补货的 30% 以内，先试单再决定是否扩量,先补核心样板尺码，再补相邻尺码，边缘尺码先不进
TNX5W30799,款色,儿童袜,夏,下一季试补,12.0,572.38,0.0,12.0,0.0,48.0,小量试补,小量试补,130/M、120/S、110/XS,只补样板尺码，先看真实动销再放量,只做轻活动，不额外加深折扣,预算建议控制在常规补货的 30% 以内，先试单再决定是否扩量,先补核心样板尺码，再补相邻尺码，边缘尺码先不进
TNX3W30773,款色,儿童袜,夏,下一季试补,15.0,572.08,4.0,15.0,0.26666666666666666,56.0,小量试补,小量试补,130/M、120/S、110/XS,只补样板尺码，先看真实动销再放量,只做轻活动，不额外加深折扣,预算建议控制在常规补货的 30% 以内，先试单再决定是否扩量,先补核心样板尺码，再补相邻尺码，边缘尺码先不进
TNX2B80822X,款色,衣类,夏,下一季试补,6.0,570.75,-1.0,6.0,-0.16666666666666666,25.0,先校库存再补货,先校库存,130/M、120/S、110/XS,库存口径异常，先别下单,先校库存，先别谈活动和折扣,库存异常款先不下单，预算留给正常主销款,先查账、查盘点、查调拨，确认后再补
TNX1Y90885X,款色,家居服,夏,下一季试补,3.0,569.04,0.0,3.0,0.0,12.0,小量试补,小量试补,130/M、120/S、110/XS,只补样板尺码，先看真实动销再放量,只做轻活动，不额外加深折扣,预算建议控制在常规补货的 30% 以内，先试单再决定是否扩量,先补核心样板尺码，再补相邻尺码，边缘尺码先不进
TNC1Y80825X,款色,家居服,春,当季主推,4.0,568.83,0.0,4.0,0.0,16.0,立即补货,先稳毛利再补,130/M、120/S、110/XS,先保高毛利主销，不靠深折补量,先做组合和套装，不建议继续加深折扣,预算先给主销核心款和核心尺码，不做平均补货,先补核心尺码，再补主销色，最后才补边缘尺码
TNX1Y90866Z,款色,家居服,夏,下一季试补,3.0,567.95,0.0,3.0,0.0,12.0,小量试补,小量试补,130/M、120/S、110/XS,只补样板尺码，先看真实动销再放量,只做轻活动，不额外加深折扣,预算建议控制在常规补货的 30% 以内，先试单再决定是否扩量,先补核心样板尺码，再补相邻尺码，边缘尺码先不进
TNC1Y90857Z,款色,家居服,春,当季主推,3.0,566.24,0.0,3.0,0.0,12.0,立即补货,先稳毛利再补,130/M、120/S、110/XS,先保高毛利主销，不靠深折补量,先做组合和套装，不建议继续加深折扣,预算先给主销核心款和核心尺码，不做平均补货,先补核心尺码，再补主销色，最后才补边缘尺码
TNX1T20180X,卡其色,衣类,夏,下一季试补,9.0,565.97,0.0,9.0,0.0,36.0,小量试补,小量试补,130/M、120/S、110/XS,只补样板尺码，先看真实动销再放量,只做轻活动，不额外加深折扣,预算建议控制在常规补货的 30% 以内，先试单再决定是否扩量,先补核心样板尺码，再补相邻尺码，边缘尺码先不进
TNX2B80821Z,款色,衣类,夏,下一季试补,6.0,565.96,0.0,6.0,0.0,24.0,小量试补,小量试补,130/M、120/S、110/XS,只补样板尺码，先看真实动销再放量,只做轻活动，不额外加深折扣,预算建议控制在常规补货的 30% 以内，先试单再决定是否扩量,先补核心样板尺码，再补相邻尺码，边缘尺码先不进
TNX5W30801,款色,儿童袜,夏,下一季试补,11.0,561.83,1.0,11.0,0.09090909090909091,43.0,小量试补,小量试补,130/M、120/S、110/XS,只补样板尺码，先看真实动销再放量,只做轻活动，不额外加深折扣,预算建议控制在常规补货的 30% 以内，先试单再决定是否扩量,先补核心样板尺码，再补相邻尺码，边缘尺码先不进
TNX1T20189Z,深灰色,衣类,夏,下一季试补,6.0,560.45,0.0,6.0,0.0,24.0,小量试补,小量试补,130/M、120/S、110/XS,只补样板尺码，先看真实动销再放量,只做轻活动，不额外加深折扣,预算建议控制在常规补货的 30% 以内，先试单再决定是否扩量,先补核心样板尺码，再补相邻尺码，边缘尺码先不进
TNX2B90849X,款色,衣类,夏,下一季试补,6.0,556.16,0.0,6.0,0.0,24.0,小量试补,小量试补,130/M、120/S、110/XS,只补样板尺码，先看真实动销再放量,只做轻活动，不额外加深折扣,预算建议控制在常规补货的 30% 以内，先试单再决定是否扩量,先补核心样板尺码，再补相邻尺码，边缘尺码先不进
TNX1B90842A,紫色,少女文胸,夏,下一季试补,9.0,555.19,3.0,9.0,0.3333333333333333,33.0,小量试补,小量试补,130/M、120/S、110/XS,只补样板尺码，先看真实动销再放量,只做轻活动，不额外加深折扣,预算建议控制在常规补货的 30% 以内，先试单再决定是否扩量,先补核心样板尺码，再补相邻尺码，边缘尺码先不进
TNX1Y90900X,款色,家居服,夏,下一季试补,4.0,552.51,0.0,4.0,0.0,16.0,小量试补,小量试补,130/M、120/S、110/XS,只补样板尺码，先看真实动销再放量,只做轻活动，不额外加深折扣,预算建议控制在常规补货的 30% 以内，先试单再决定是否扩量,先补核心样板尺码，再补相邻尺码，边缘尺码先不进
TNX5W30798,款色,儿童袜,夏,下一季试补,10.0,550.27,2.0,10.0,0.2,38.0,小量试补,小量试补,130/M、120/S、110/XS,只补样板尺码，先看真实动销再放量,只做轻活动，不额外加深折扣,预算建议控制在常规补货的 30% 以内，先试单再决定是否扩量,先补核心样板尺码，再补相邻尺码，边缘尺码先不进
TNX1T20192Z,粉色,衣类,夏,下一季试补,5.0,548.87,-1.0,5.0,-0.2,21.0,先校库存再补货,先校库存,130/M、120/S、110/XS,库存口径异常，先别下单,先校库存，先别谈活动和折扣,库存异常款先不下单，预算留给正常主销款,先查账、查盘点、查调拨，确认后再补
TNX1Y90896Z,款色,家居服,夏,下一季试补,4.0,548.0,-1.0,4.0,-0.25,17.0,先校库存再补货,先校库存,130/M、120/S、110/XS,库存口径异常，先别下单,先校库存，先别谈活动和折扣,库存异常款先不下单，预算留给正常主销款,先查账、查盘点、查调拨，确认后再补
TNX3W30765,款色,儿童袜,夏,下一季试补,15.0,547.91,0.0,15.0,0.0,60.0,小量试补,小量试补,130/M、120/S、110/XS,只补样板尺码，先看真实动销再放量,只做轻活动，不额外加深折扣,预算建议控制在常规补货的 30% 以内，先试单再决定是否扩量,先补核心样板尺码，再补相邻尺码，边缘尺码先不进
TNX1Y90901D,款色,家居服,夏,下一季试补,3.0,547.76,1.0,3.0,0.3333333333333333,11.0,小量试补,小量试补,130/M、120/S、110/XS,只补样板尺码，先看真实动销再放量,只做轻活动，不额外加深折扣,预算建议控制在常规补货的 30% 以内，先试单再决定是否扩量,先补核心样板尺码，再补相邻尺码，边缘尺码先不进
TNX3W30759,款色,儿童袜,夏,下一季试补,16.0,547.18,0.0,16.0,0.0,64.0,小量试补,小量试补,130/M、120/S、110/XS,只补样板尺码，先看真实动销再放量,只做轻活动，不额外加深折扣,预算建议控制在常规补货的 30% 以内，先试单再决定是否扩量,先补核心样板尺码，再补相邻尺码，边缘尺码先不进
TNX1W30731,款色,儿童袜,夏,下一季试补,45.0,545.35,1.0,45.0,0.022222222222222223,179.0,小量试补,小量试补,130/M、120/S、110/XS,只补样板尺码，先看真实动销再放量,只做轻活动，不额外加深折扣,预算建议控制在常规补货的 30% 以内，先试单再决定是否扩量,先补核心样板尺码，再补相邻尺码，边缘尺码先不进
TNX2B90850Z,款色,衣类,夏,下一季试补,6.0,545.16,0.0,6.0,0.0,24.0,小量试补,小量试补,130/M、120/S、110/XS,只补样板尺码，先看真实动销再放量,只做轻活动，不额外加深折扣,预算建议控制在常规补货的 30% 以内，先试单再决定是否扩量,先补核心样板尺码，再补相邻尺码，边缘尺码先不进
TNX2B90852Z,款色,衣类,夏,下一季试补,6.0,544.64,0.0,6.0,0.0,24.0,小量试补,小量试补,130/M、120/S、110/XS,只补样板尺码，先看真实动销再放量,只做轻活动，不额外加深折扣,预算建议控制在常规补货的 30% 以内，先试单再决定是否扩量,先补核心样板尺码，再补相邻尺码，边缘尺码先不进
TNX1W30744,款色,儿童袜,夏,下一季试补,46.0,539.38,10.0,46.0,0.21739130434782608,174.0,小量试补,小量试补,130/M、120/S、110/XS,只补样板尺码，先看真实动销再放量,只做轻活动，不额外加深折扣,预算建议控制在常规补货的 30% 以内，先试单再决定是否扩量,先补核心样板尺码，再补相邻尺码，边缘尺码先不进
TNX1Y90863X,米白色,家居服,夏,下一季试补,3.0,539.33,0.0,3.0,0.0,12.0,小量试补,小量试补,130/M、120/S、110/XS,只补样板尺码，先看真实动销再放量,只做轻活动，不额外加深折扣,预算建议控制在常规补货的 30% 以内，先试单再决定是否扩量,先补核心样板尺码，再补相邻尺码，边缘尺码先不进
TNX1Y80849D,米白色,家居服,夏,下一季试补,3.0,536.65,1.0,3.0,0.3333333333333333,11.0,小量试补,小量试补,130/M、120/S、110/XS,只补样板尺码，先看真实动销再放量,只做轻活动，不额外加深折扣,预算建议控制在常规补货的 30% 以内，先试单再决定是否扩量,先补核心样板尺码，再补相邻尺码，边缘尺码先不进
TNC1Y90855X,粉色,家居服,春,当季主推,3.0,535.83,0.0,3.0,0.0,12.0,立即补货,先稳毛利再补,130/M、120/S、110/XS,先保高毛利主销，不靠深折补量,先做组合和套装，不建议继续加深折扣,预算先给主销核心款和核心尺码，不做平均补货,先补核心尺码，再补主销色，最后才补边缘尺码
TNX1W30738,款色,儿童袜,夏,下一季试补,46.0,534.31,0.0,46.0,0.0,184.0,小量试补,小量试补,130/M、120/S、110/XS,只补样板尺码，先看真实动销再放量,只做轻活动，不额外加深折扣,预算建议控制在常规补货的 30% 以内，先试单再决定是否扩量,先补核心样板尺码，再补相邻尺码，边缘尺码先不进
TNX2B90851Z,款色,衣类,夏,下一季试补,6.0,530.27,0.0,6.0,0.0,24.0,小量试补,小量试补,130/M、120/S、110/XS,只补样板尺码，先看真实动销再放量,只做轻活动，不额外加深折扣,预算建议控制在常规补货的 30% 以内，先试单再决定是否扩量,先补核心样板尺码，再补相邻尺码，边缘尺码先不进
TNX3W30770,款色,儿童袜,夏,下一季试补,15.0,529.2,5.0,15.0,0.3333333333333333,55.0,小量试补,小量试补,130/M、120/S、110/XS,只补样板尺码，先看真实动销再放量,只做轻活动，不额外加深折扣,预算建议控制在常规补货的 30% 以内，先试单再决定是否扩量,先补核心样板尺码，再补相邻尺码，边缘尺码先不进
TNX2B90850X,款色,衣类,夏,下一季试补,6.0,528.96,-1.0,6.0,-0.16666666666666666,25.0,先校库存再补货,先校库存,130/M、120/S、110/XS,库存口径异常，先别下单,先校库存，先别谈活动和折扣,库存异常款先不下单，预算留给正常主销款,先查账、查盘点、查调拨，确认后再补
TNC1K60594X,白色,裤类,春,当季主推,10.0,528.45,0.0,10.0,0.0,40.0,立即补货,先稳毛利再补,130/M、120/S、110/XS,先保高毛利主销，不靠深折补量,先做组合和套装，不建议继续加深折扣,预算先给主销核心款和核心尺码，不做平均补货,先补核心尺码，再补主销色，最后才补边缘尺码
TOC1Y91112X,蓝色,家居服,春,当季主推,3.0,522.44,2.0,3.0,0.6666666666666666,10.0,立即补货,先稳毛利再补,130/M、120/S、110/XS,先保高毛利主销，不靠深折补量,先做组合和套装，不建议继续加深折扣,预算先给主销核心款和核心尺码，不做平均补货,先补核心尺码，再补主销色，最后才补边缘尺码
TNX1Y80854D,蓝灰色,家居服,夏,下一季试补,3.0,521.83,1.0,3.0,0.3333333333333333,11.0,小量试补,小量试补,130/M、120/S、110/XS,只补样板尺码，先看真实动销再放量,只做轻活动，不额外加深折扣,预算建议控制在常规补货的 30% 以内，先试单再决定是否扩量,先补核心样板尺码，再补相邻尺码，边缘尺码先不进
TNX1T20189Z,浅灰色,衣类,夏,下一季试补,6.0,520.69,0.0,6.0,0.0,24.0,小量试补,小量试补,130/M、120/S、110/XS,只补样板尺码，先看真实动销再放量,只做轻活动，不额外加深折扣,预算建议控制在常规补货的 30% 以内，先试单再决定是否扩量,先补核心样板尺码，再补相邻尺码，边缘尺码先不进
TNC1Y90857X,款色,家居服,春,当季主推,3.0,517.67,0.0,3.0,0.0,12.0,立即补货,先稳毛利再补,130/M、120/S、110/XS,先保高毛利主销，不靠深折补量,先做组合和套装，不建议继续加深折扣,预算先给主销核心款和核心尺码，不做平均补货,先补核心尺码，再补主销色，最后才补边缘尺码
TNX5W30797,款色,儿童袜,夏,下一季试补,10.0,517.12,2.0,10.0,0.2,38.0,小量试补,小量试补,130/M、120/S、110/XS,只补样板尺码，先看真实动销再放量,只做轻活动，不额外加深折扣,预算建议控制在常规补货的 30% 以内，先试单再决定是否扩量,先补核心样板尺码，再补相邻尺码，边缘尺码先不进
TNX1Y80862Z,绿色,家居服,夏,下一季试补,4.0,516.56,0.0,4.0,0.0,16.0,小量试补,小量试补,130/M、120/S、110/XS,只补样板尺码，先看真实动销再放量,只做轻活动，不额外加深折扣,预算建议控制在常规补货的 30% 以内，先试单再决定是否扩量,先补核心样板尺码，再补相邻尺码，边缘尺码先不进
TNX1Y90876X,款色,家居服,夏,下一季试补,3.0,516.18,0.0,3.0,0.0,12.0,小量试补,小量试补,130/M、120/S、110/XS,只补样板尺码，先看真实动销再放量,只做轻活动，不额外加深折扣,预算建议控制在常规补货的 30% 以内，先试单再决定是否扩量,先补核心样板尺码，再补相邻尺码，边缘尺码先不进
TNX1Y90904X,款色,家居服,夏,下一季试补,3.0,514.39,0.0,3.0,0.0,12.0,小量试补,小量试补,130/M、120/S、110/XS,只补样板尺码，先看真实动销再放量,只做轻活动，不额外加深折扣,预算建议控制在常规补货的 30% 以内，先试单再决定是否扩量,先补核心样板尺码，再补相邻尺码，边缘尺码先不进
TNX1Y90865X,款色,家居服,夏,下一季试补,3.0,511.46,0.0,3.0,0.0,12.0,小量试补,小量试补,130/M、120/S、110/XS,只补样板尺码，先看真实动销再放量,只做轻活动，不额外加深折扣,预算建议控制在常规补货的 30% 以内，先试单再决定是否扩量,先补核心样板尺码，再补相邻尺码，边缘尺码先不进
TNX1Y90901Z,款色,家居服,夏,下一季试补,3.0,510.21,3.0,3.0,1.0,9.0,小量试补,小量试补,130/M、120/S、110/XS,只补样板尺码，先看真实动销再放量,只做轻活动，不额外加深折扣,预算建议控制在常规补货的 30% 以内，先试单再决定是否扩量,先补核心样板尺码，再补相邻尺码，边缘尺码先不进
TNX1Y80854Z,蓝灰色,家居服,夏,下一季试补,3.0,510.17,2.0,3.0,0.6666666666666666,10.0,小量试补,小量试补,130/M、120/S、110/XS,只补样板尺码，先看真实动销再放量,只做轻活动，不额外加深折扣,预算建议控制在常规补货的 30% 以内，先试单再决定是否扩量,先补核心样板尺码，再补相邻尺码，边缘尺码先不进
TNX1Y80847X,奶黄色,家居服,夏,下一季试补,3.0,510.11,0.0,3.0,0.0,12.0,小量试补,小量试补,130/M、120/S、110/XS,只补样板尺码，先看真实动销再放量,只做轻活动，不额外加深折扣,预算建议控制在常规补货的 30% 以内，先试单再决定是否扩量,先补核心样板尺码，再补相邻尺码，边缘尺码先不进
TNC1W30751,款色,儿童袜,春,当季主推,50.0,503.75,7.0,50.0,0.14,193.0,立即补货,优先保不断码,130/M、120/S、110/XS,先保核心尺码和主销色,可以做轻活动带连带，不建议先用降价换量,预算优先投给断码风险高的款，再补相邻尺码,先补核心尺码，再补主销色，最后补边缘尺码
TNC1Y90861X,款色,家居服,春,当季主推,3.0,501.49,0.0,3.0,0.0,12.0,立即补货,先稳毛利再补,130/M、120/S、110/XS,先保高毛利主销，不靠深折补量,先做组合和套装，不建议继续加深折扣,预算先给主销核心款和核心尺码，不做平均补货,先补核心尺码，再补主销色，最后才补边缘尺码
TNX1W30743,款色,儿童袜,夏,下一季试补,45.0,500.13,4.0,45.0,0.08888888888888889,176.0,小量试补,小量试补,130/M、120/S、110/XS,只补样板尺码，先看真实动销再放量,只做轻活动，不额外加深折扣,预算建议控制在常规补货的 30% 以内，先试单再决定是否扩量,先补核心样板尺码，再补相邻尺码，边缘尺码先不进
TNX3W30763,款色,儿童袜,夏,下一季试补,14.0,499.73,2.0,14.0,0.14285714285714285,54.0,小量试补,小量试补,130/M、120/S、110/XS,只补样板尺码，先看真实动销再放量,只做轻活动，不额外加深折扣,预算建议控制在常规补货的 30% 以内，先试单再决定是否扩量,先补核心样板尺码，再补相邻尺码，边缘尺码先不进
TNX1T20176X,蓝绿色,衣类,夏,下一季试补,9.0,497.33,-2.0,9.0,-0.2222222222222222,38.0,先校库存再补货,先校库存,130/M、120/S、110/XS,库存口径异常，先别下单,先校库存，先别谈活动和折扣,库存异常款先不下单，预算留给正常主销款,先查账、查盘点、查调拨，确认后再补
TNX1W30758,款色,儿童袜,夏,下一季试补,46.0,490.69,2.0,46.0,0.043478260869565216,182.0,小量试补,小量试补,130/M、120/S、110/XS,只补样板尺码，先看真实动销再放量,只做轻活动，不额外加深折扣,预算建议控制在常规补货的 30% 以内，先试单再决定是否扩量,先补核心样板尺码，再补相邻尺码，边缘尺码先不进
TNX1B90841A,白色,少女文胸,夏,下一季试补,9.0,489.8,0.0,9.0,0.0,36.0,小量试补,小量试补,130/M、120/S、110/XS,只补样板尺码，先看真实动销再放量,只做轻活动，不额外加深折扣,预算建议控制在常规补货的 30% 以内，先试单再决定是否扩量,先补核心样板尺码，再补相邻尺码，边缘尺码先不进
TNX1Y80849X,米白色,家居服,夏,下一季试补,3.0,488.89,0.0,3.0,0.0,12.0,小量试补,小量试补,130/M、120/S、110/XS,只补样板尺码，先看真实动销再放量,只做轻活动，不额外加深折扣,预算建议控制在常规补货的 30% 以内，先试单再决定是否扩量,先补核心样板尺码，再补相邻尺码，边缘尺码先不进
TNX1T20176X,砖红色,衣类,夏,下一季试补,9.0,488.71,0.0,9.0,0.0,36.0,小量试补,小量试补,130/M、120/S、110/XS,只补样板尺码，先看真实动销再放量,只做轻活动，不额外加深折扣,预算建议控制在常规补货的 30% 以内，先试单再决定是否扩量,先补核心样板尺码，再补相邻尺码，边缘尺码先不进
TNX2B80824Z,款色,衣类,夏,下一季试补,7.0,486.03,-1.0,7.0,-0.14285714285714285,29.0,先校库存再补货,先校库存,130/M、120/S、110/XS,库存口径异常，先别下单,先校库存，先别谈活动和折扣,库存异常款先不下单，预算留给正常主销款,先查账、查盘点、查调拨，确认后再补
TNX1T20190Z,紫色,衣类,夏,下一季试补,6.0,485.73,0.0,6.0,0.0,24.0,小量试补,小量试补,130/M、120/S、110/XS,只补样板尺码，先看真实动销再放量,只做轻活动，不额外加深折扣,预算建议控制在常规补货的 30% 以内，先试单再决定是否扩量,先补核心样板尺码，再补相邻尺码，边缘尺码先不进
TNC1K60595X,粉色,裤类,春,当季主推,6.0,484.8,0.0,6.0,0.0,24.0,立即补货,先稳毛利再补,130/M、120/S、110/XS,先保高毛利主销，不靠深折补量,先做组合和套装，不建议继续加深折扣,预算先给主销核心款和核心尺码，不做平均补货,先补核心尺码，再补主销色，最后才补边缘尺码
TNX2B90852X,款色,衣类,夏,下一季试补,7.0,484.33,-1.0,7.0,-0.14285714285714285,29.0,先校库存再补货,先校库存,130/M、120/S、110/XS,库存口径异常，先别下单,先校库存，先别谈活动和折扣,库存异常款先不下单，预算留给正常主销款,先查账、查盘点、查调拨，确认后再补
TNX1T20183X,灰绿色,衣类,夏,下一季试补,7.0,477.53,-2.0,7.0,-0.2857142857142857,30.0,先校库存再补货,先校库存,130/M、120/S、110/XS,库存口径异常，先别下单,先校库存，先别谈活动和折扣,库存异常款先不下单，预算留给正常主销款,先查账、查盘点、查调拨，确认后再补
TNX2B90848X,款色,衣类,夏,下一季试补,6.0,476.38,0.0,6.0,0.0,24.0,小量试补,小量试补,130/M、120/S、110/XS,只补样板尺码，先看真实动销再放量,只做轻活动，不额外加深折扣,预算建议控制在常规补货的 30% 以内，先试单再决定是否扩量,先补核心样板尺码，再补相邻尺码，边缘尺码先不进
TNX1B90841A,粉色,少女文胸,夏,下一季试补,10.0,474.52,0.0,10.0,0.0,40.0,小量试补,小量试补,130/M、120/S、110/XS,只补样板尺码，先看真实动销再放量,只做轻活动，不额外加深折扣,预算建议控制在常规补货的 30% 以内，先试单再决定是否扩量,先补核心样板尺码，再补相邻尺码，边缘尺码先不进
TNX1T20181X,粉色,衣类,夏,下一季试补,6.0,473.97,0.0,6.0,0.0,24.0,小量试补,小量试补,130/M、120/S、110/XS,只补样板尺码，先看真实动销再放量,只做轻活动，不额外加深折扣,预算建议控制在常规补货的 30% 以内，先试单再决定是否扩量,先补核心样板尺码，再补相邻尺码，边缘尺码先不进
TNX2B90848Z,款色,衣类,夏,下一季试补,5.0,471.45,1.0,5.0,0.2,19.0,小量试补,小量试补,130/M、120/S、110/XS,只补样板尺码，先看真实动销再放量,只做轻活动，不额外加深折扣,预算建议控制在常规补货的 30% 以内，先试单再决定是否扩量,先补核心样板尺码，再补相邻尺码，边缘尺码先不进
TNX1T20178X,深蓝色,衣类,夏,下一季试补,10.0,470.52,-1.0,10.0,-0.1,41.0,先校库存再补货,先校库存,130/M、120/S、110/XS,库存口径异常，先别下单,先校库存，先别谈活动和折扣,库存异常款先不下单，预算留给正常主销款,先查账、查盘点、查调拨，确认后再补
TNC1Y90880Z,款色,家居服,春,当季主推,3.0,469.06,0.0,3.0,0.0,12.0,立即补货,先稳毛利再补,130/M、120/S、110/XS,先保高毛利主销，不靠深折补量,先做组合和套装，不建议继续加深折扣,预算先给主销核心款和核心尺码，不做平均补货,先补核心尺码，再补主销色，最后才补边缘尺码
TNX3W30787,款色,儿童袜,夏,下一季试补,11.0,465.41,0.0,11.0,0.0,44.0,小量试补,小量试补,130/M、120/S、110/XS,只补样板尺码，先看真实动销再放量,只做轻活动，不额外加深折扣,预算建议控制在常规补货的 30% 以内，先试单再决定是否扩量,先补核心样板尺码，再补相邻尺码，边缘尺码先不进
TNX1B90847B,蓝色,少女文胸,夏,下一季试补,6.0,464.53,2.0,6.0,0.3333333333333333,22.0,小量试补,小量试补,130/M、120/S、110/XS,只补样板尺码，先看真实动销再放量,只做轻活动，不额外加深折扣,预算建议控制在常规补货的 30% 以内，先试单再决定是否扩量,先补核心样板尺码，再补相邻尺码，边缘尺码先不进
TNX2B90851X,款色,衣类,夏,下一季试补,5.0,461.23,0.0,5.0,0.0,20.0,小量试补,小量试补,130/M、120/S、110/XS,只补样板尺码，先看真实动销再放量,只做轻活动，不额外加深折扣,预算建议控制在常规补货的 30% 以内，先试单再决定是否扩量,先补核心样板尺码，再补相邻尺码，边缘尺码先不进
TNX1W30791,款色,儿童袜,夏,下一季试补,23.0,460.14,23.0,23.0,1.0,69.0,小量试补,小量试补,130/M、120/S、110/XS,只补样板尺码，先看真实动销再放量,只做轻活动，不额外加深折扣,预算建议控制在常规补货的 30% 以内，先试单再决定是否扩量,先补核心样板尺码，再补相邻尺码，边缘尺码先不进
TNC1K60594X,浅卡其,裤类,春,当季主推,9.0,458.17,0.0,9.0,0.0,36.0,立即补货,先稳毛利再补,130/M、120/S、110/XS,先保高毛利主销，不靠深折补量,先做组合和套装，不建议继续加深折扣,预算先给主销核心款和核心尺码，不做平均补货,先补核心尺码，再补主销色，最后才补边缘尺码
TNX1Y90876Z,款色,家居服,夏,下一季试补,3.0,456.62,0.0,3.0,0.0,12.0,小量试补,小量试补,130/M、120/S、110/XS,只补样板尺码，先看真实动销再放量,只做轻活动，不额外加深折扣,预算建议控制在常规补货的 30% 以内，先试单再决定是否扩量,先补核心样板尺码，再补相邻尺码，边缘尺码先不进
TNX3W30781,款色,儿童袜,夏,下一季试补,13.0,456.34,3.0,13.0,0.23076923076923078,49.0,小量试补,小量试补,130/M、120/S、110/XS,只补样板尺码，先看真实动销再放量,只做轻活动，不额外加深折扣,预算建议控制在常规补货的 30% 以内，先试单再决定是否扩量,先补核心样板尺码，再补相邻尺码，边缘尺码先不进
TNX1K60602X,暗红色,裤类,夏,下一季试补,6.0,455.35,-1.0,6.0,-0.16666666666666666,25.0,先校库存再补货,先校库存,130/M、120/S、110/XS,库存口径异常，先别下单,先校库存，先别谈活动和折扣,库存异常款先不下单，预算留给正常主销款,先查账、查盘点、查调拨，确认后再补
TNX1T20178X,绿色,衣类,夏,下一季试补,9.0,451.16,0.0,9.0,0.0,36.0,小量试补,小量试补,130/M、120/S、110/XS,只补样板尺码，先看真实动销再放量,只做轻活动，不额外加深折扣,预算建议控制在常规补货的 30% 以内，先试单再决定是否扩量,先补核心样板尺码，再补相邻尺码，边缘尺码先不进
TNX2B80822Z,款色,衣类,夏,下一季试补,5.0,449.61,0.0,5.0,0.0,20.0,小量试补,小量试补,130/M、120/S、110/XS,只补样板尺码，先看真实动销再放量,只做轻活动，不额外加深折扣,预算建议控制在常规补货的 30% 以内，先试单再决定是否扩量,先补核心样板尺码，再补相邻尺码，边缘尺码先不进
TNX1Y80862X,绿色,家居服,夏,下一季试补,4.0,448.77,0.0,4.0,0.0,16.0,小量试补,小量试补,130/M、120/S、110/XS,只补样板尺码，先看真实动销再放量,只做轻活动，不额外加深折扣,预算建议控制在常规补货的 30% 以内，先试单再决定是否扩量,先补核心样板尺码，再补相邻尺码，边缘尺码先不进
TNX1Y80847X,浅蓝色,家居服,夏,下一季试补,3.0,447.29,0.0,3.0,0.0,12.0,小量试补,小量试补,130/M、120/S、110/XS,只补样板尺码，先看真实动销再放量,只做轻活动，不额外加深折扣,预算建议控制在常规补货的 30% 以内，先试单再决定是否扩量,先补核心样板尺码，再补相邻尺码，边缘尺码先不进
TNX2B80823Z,款色,衣类,夏,下一季试补,5.0,445.82,1.0,5.0,0.2,19.0,小量试补,小量试补,130/M、120/S、110/XS,只补样板尺码，先看真实动销再放量,只做轻活动，不额外加深折扣,预算建议控制在常规补货的 30% 以内，先试单再决定是否扩量,先补核心样板尺码，再补相邻尺码，边缘尺码先不进
TNX2B90853Z,款色,衣类,夏,下一季试补,5.0,443.29,1.0,5.0,0.2,19.0,小量试补,小量试补,130/M、120/S、110/XS,只补样板尺码，先看真实动销再放量,只做轻活动，不额外加深折扣,预算建议控制在常规补货的 30% 以内，先试单再决定是否扩量,先补核心样板尺码，再补相邻尺码，边缘尺码先不进
TNX3W30826,款色,儿童袜,夏,下一季试补,11.0,441.97,5.0,11.0,0.45454545454545453,39.0,小量试补,小量试补,130/M、120/S、110/XS,只补样板尺码，先看真实动销再放量,只做轻活动，不额外加深折扣,预算建议控制在常规补货的 30% 以内，先试单再决定是否扩量,先补核心样板尺码，再补相邻尺码，边缘尺码先不进
TNX5W30804,款色,儿童袜,夏,下一季试补,9.0,439.09,2.0,9.0,0.2222222222222222,34.0,小量试补,小量试补,130/M、120/S、110/XS,只补样板尺码，先看真实动销再放量,只做轻活动，不额外加深折扣,预算建议控制在常规补货的 30% 以内，先试单再决定是否扩量,先补核心样板尺码，再补相邻尺码，边缘尺码先不进
TNX1B90845A,米色,少女文胸,夏,下一季试补,9.0,436.47,0.0,9.0,0.0,36.0,小量试补,小量试补,130/M、120/S、110/XS,只补样板尺码，先看真实动销再放量,只做轻活动，不额外加深折扣,预算建议控制在常规补货的 30% 以内，先试单再决定是否扩量,先补核心样板尺码，再补相邻尺码，边缘尺码先不进
TNC1Y90880X,款色,家居服,春,当季主推,3.0,433.57,0.0,3.0,0.0,12.0,立即补货,先稳毛利再补,130/M、120/S、110/XS,先保高毛利主销，不靠深折补量,先做组合和套装，不建议继续加深折扣,预算先给主销核心款和核心尺码，不做平均补货,先补核心尺码，再补主销色，最后才补边缘尺码
TNX1T20178X,米色,衣类,夏,下一季试补,9.0,433.45,0.0,9.0,0.0,36.0,小量试补,小量试补,130/M、120/S、110/XS,只补样板尺码，先看真实动销再放量,只做轻活动，不额外加深折扣,预算建议控制在常规补货的 30% 以内，先试单再决定是否扩量,先补核心样板尺码，再补相邻尺码，边缘尺码先不进
TNC1K60594X,花灰色,裤类,春,当季主推,8.0,430.06,0.0,8.0,0.0,32.0,立即补货,先稳毛利再补,130/M、120/S、110/XS,先保高毛利主销，不靠深折补量,先做组合和套装，不建议继续加深折扣,预算先给主销核心款和核心尺码，不做平均补货,先补核心尺码，再补主销色，最后才补边缘尺码
TNX1Y90903X,米白色,家居服,夏,下一季试补,3.0,428.65,0.0,3.0,0.0,12.0,小量试补,小量试补,130/M、120/S、110/XS,只补样板尺码，先看真实动销再放量,只做轻活动，不额外加深折扣,预算建议控制在常规补货的 30% 以内，先试单再决定是否扩量,先补核心样板尺码，再补相邻尺码，边缘尺码先不进
TNX1W30736,款色,儿童袜,夏,下一季试补,41.0,427.4,5.0,41.0,0.12195121951219512,159.0,小量试补,小量试补,130/M、120/S、110/XS,只补样板尺码，先看真实动销再放量,只做轻活动，不额外加深折扣,预算建议控制在常规补货的 30% 以内，先试单再决定是否扩量,先补核心样板尺码，再补相邻尺码，边缘尺码先不进
TNX5W30805,款色,儿童袜,夏,下一季试补,9.0,427.29,0.0,9.0,0.0,36.0,小量试补,小量试补,130/M、120/S、110/XS,只补样板尺码，先看真实动销再放量,只做轻活动，不额外加深折扣,预算建议控制在常规补货的 30% 以内，先试单再决定是否扩量,先补核心样板尺码，再补相邻尺码，边缘尺码先不进
TNX1B90847B,米色,少女文胸,夏,下一季试补,6.0,423.66,2.0,6.0,0.3333333333333333,22.0,小量试补,小量试补,130/M、120/S、110/XS,只补样板尺码，先看真实动销再放量,只做轻活动，不额外加深折扣,预算建议控制在常规补货的 30% 以内，先试单再决定是否扩量,先补核心样板尺码，再补相邻尺码，边缘尺码先不进
TNX1Y90864X,粉色,家居服,夏,下一季试补,3.0,419.45,0.0,3.0,0.0,12.0,小量试补,小量试补,130/M、120/S、110/XS,只补样板尺码，先看真实动销再放量,只做轻活动，不额外加深折扣,预算建议控制在常规补货的 30% 以内，先试单再决定是否扩量,先补核心样板尺码，再补相邻尺码，边缘尺码先不进
TNC1Y80827X,蓝色,家居服,春,当季主推,3.0,415.58,0.0,3.0,0.0,12.0,立即补货,先稳毛利再补,130/M、120/S、110/XS,先保高毛利主销，不靠深折补量,先做组合和套装，不建议继续加深折扣,预算先给主销核心款和核心尺码，不做平均补货,先补核心尺码，再补主销色，最后才补边缘尺码
TNX1T20176X,藏青色,衣类,夏,下一季试补,7.0,412.56,0.0,7.0,0.0,28.0,小量试补,小量试补,130/M、120/S、110/XS,只补样板尺码，先看真实动销再放量,只做轻活动，不额外加深折扣,预算建议控制在常规补货的 30% 以内，先试单再决定是否扩量,先补核心样板尺码，再补相邻尺码，边缘尺码先不进
TNX1Y80845X,款色,家居服,夏,下一季试补,3.0,409.84,0.0,3.0,0.0,12.0,小量试补,小量试补,130/M、120/S、110/XS,只补样板尺码，先看真实动销再放量,只做轻活动，不额外加深折扣,预算建议控制在常规补货的 30% 以内，先试单再决定是否扩量,先补核心样板尺码，再补相邻尺码，边缘尺码先不进
TOX2B91097X,款色,衣类,夏,下一季试补,4.0,409.05,2.0,4.0,0.5,14.0,小量试补,小量试补,130/M、120/S、110/XS,只补样板尺码，先看真实动销再放量,只做轻活动，不额外加深折扣,预算建议控制在常规补货的 30% 以内，先试单再决定是否扩量,先补核心样板尺码，再补相邻尺码，边缘尺码先不进
TMX1K60485Z,黑色,裤类,夏,下一季试补,9.0,409.03,0.0,9.0,0.0,36.0,小量试补,小量试补,130/M、120/S、110/XS,只补样板尺码，先看真实动销再放量,只做轻活动，不额外加深折扣,预算建议控制在常规补货的 30% 以内，先试单再决定是否扩量,先补核心样板尺码，再补相邻尺码，边缘尺码先不进
TOX2B91099X,款色,衣类,夏,下一季试补,4.0,408.34,2.0,4.0,0.5,14.0,小量试补,小量试补,130/M、120/S、110/XS,只补样板尺码，先看真实动销再放量,只做轻活动，不额外加深折扣,预算建议控制在常规补货的 30% 以内，先试单再决定是否扩量,先补核心样板尺码，再补相邻尺码，边缘尺码先不进
TOX2B91120X,款色,衣类,夏,下一季试补,4.0,408.16,8.0,4.0,2.0,8.0,小量试补,小量试补,130/M、120/S、110/XS,只补样板尺码，先看真实动销再放量,只做轻活动，不额外加深折扣,预算建议控制在常规补货的 30% 以内，先试单再决定是否扩量,先补核心样板尺码，再补相邻尺码，边缘尺码先不进
TNX1Y90906X,款色,家居服,夏,下一季试补,3.0,407.39,0.0,3.0,0.0,12.0,小量试补,小量试补,130/M、120/S、110/XS,只补样板尺码，先看真实动销再放量,只做轻活动，不额外加深折扣,预算建议控制在常规补货的 30% 以内，先试单再决定是否扩量,先补核心样板尺码，再补相邻尺码，边缘尺码先不进
TNX2W30792,款色,儿童袜,夏,下一季试补,22.0,407.22,2.0,22.0,0.09090909090909091,86.0,小量试补,小量试补,130/M、120/S、110/XS,只补样板尺码，先看真实动销再放量,只做轻活动，不额外加深折扣,预算建议控制在常规补货的 30% 以内，先试单再决定是否扩量,先补核心样板尺码，再补相邻尺码，边缘尺码先不进
TNX1Y80845Z,款色,家居服,夏,下一季试补,3.0,406.66,0.0,3.0,0.0,12.0,小量试补,小量试补,130/M、120/S、110/XS,只补样板尺码，先看真实动销再放量,只做轻活动，不额外加深折扣,预算建议控制在常规补货的 30% 以内，先试单再决定是否扩量,先补核心样板尺码，再补相邻尺码，边缘尺码先不进
TMX1K60512X,米色,裤类,春,当季主推,4.0,395.03,0.0,4.0,0.0,16.0,立即补货,先稳毛利再补,130/M、120/S、110/XS,先保高毛利主销，不靠深折补量,先做组合和套装，不建议继续加深折扣,预算先给主销核心款和核心尺码，不做平均补货,先补核心尺码，再补主销色，最后才补边缘尺码
TMX1K60485Z,灰色,裤类,夏,下一季试补,9.0,390.06,0.0,9.0,0.0,36.0,小量试补,小量试补,130/M、120/S、110/XS,只补样板尺码，先看真实动销再放量,只做轻活动，不额外加深折扣,预算建议控制在常规补货的 30% 以内，先试单再决定是否扩量,先补核心样板尺码，再补相邻尺码，边缘尺码先不进
TNX1W30730,款色,儿童袜,夏,下一季试补,38.0,389.22,0.0,38.0,0.0,152.0,小量试补,小量试补,130/M、120/S、110/XS,只补样板尺码，先看真实动销再放量,只做轻活动，不额外加深折扣,预算建议控制在常规补货的 30% 以内，先试单再决定是否扩量,先补核心样板尺码，再补相邻尺码，边缘尺码先不进
TNX1Y90896X,款色,家居服,夏,下一季试补,3.0,384.69,0.0,3.0,0.0,12.0,小量试补,小量试补,130/M、120/S、110/XS,只补样板尺码，先看真实动销再放量,只做轻活动，不额外加深折扣,预算建议控制在常规补货的 30% 以内，先试单再决定是否扩量,先补核心样板尺码，再补相邻尺码，边缘尺码先不进
TNX1T20197Z,浅紫色,衣类,夏,下一季试补,5.0,381.56,0.0,5.0,0.0,20.0,小量试补,小量试补,130/M、120/S、110/XS,只补样板尺码，先看真实动销再放量,只做轻活动，不额外加深折扣,预算建议控制在常规补货的 30% 以内，先试单再决定是否扩量,先补核心样板尺码，再补相邻尺码，边缘尺码先不进
TNX1K60602X,深褐色,裤类,夏,下一季试补,5.0,379.28,0.0,5.0,0.0,20.0,小量试补,小量试补,130/M、120/S、110/XS,只补样板尺码，先看真实动销再放量,只做轻活动，不额外加深折扣,预算建议控制在常规补货的 30% 以内，先试单再决定是否扩量,先补核心样板尺码，再补相邻尺码，边缘尺码先不进
TNX1B90845A,白色,少女文胸,夏,下一季试补,8.0,377.86,-1.0,8.0,-0.125,33.0,先校库存再补货,先校库存,130/M、120/S、110/XS,库存口径异常，先别下单,先校库存，先别谈活动和折扣,库存异常款先不下单，预算留给正常主销款,先查账、查盘点、查调拨，确认后再补
TNX1K60602X,米灰色,裤类,夏,下一季试补,5.0,375.3,0.0,5.0,0.0,20.0,小量试补,小量试补,130/M、120/S、110/XS,只补样板尺码，先看真实动销再放量,只做轻活动，不额外加深折扣,预算建议控制在常规补货的 30% 以内，先试单再决定是否扩量,先补核心样板尺码，再补相邻尺码，边缘尺码先不进
TNX1T20194Z,灰绿色,衣类,夏,下一季试补,5.0,373.42,1.0,5.0,0.2,19.0,小量试补,小量试补,130/M、120/S、110/XS,只补样板尺码，先看真实动销再放量,只做轻活动，不额外加深折扣,预算建议控制在常规补货的 30% 以内，先试单再决定是否扩量,先补核心样板尺码，再补相邻尺码，边缘尺码先不进
TNX1T20175X,米色,衣类,夏,下一季试补,5.0,373.17,0.0,5.0,0.0,20.0,小量试补,小量试补,130/M、120/S、110/XS,只补样板尺码，先看真实动销再放量,只做轻活动，不额外加深折扣,预算建议控制在常规补货的 30% 以内，先试单再决定是否扩量,先补核心样板尺码，再补相邻尺码，边缘尺码先不进
TNX1Y80862X,粉色,家居服,夏,下一季试补,3.0,366.28,0.0,3.0,0.0,12.0,小量试补,小量试补,130/M、120/S、110/XS,只补样板尺码，先看真实动销再放量,只做轻活动，不额外加深折扣,预算建议控制在常规补货的 30% 以内，先试单再决定是否扩量,先补核心样板尺码，再补相邻尺码，边缘尺码先不进
TNX1T20180X,紫色,衣类,夏,下一季试补,6.0,356.88,-1.0,6.0,-0.16666666666666666,25.0,先校库存再补货,先校库存,130/M、120/S、110/XS,库存口径异常，先别下单,先校库存，先别谈活动和折扣,库存异常款先不下单，预算留给正常主销款,先查账、查盘点、查调拨，确认后再补
TNX1K60598X,米杏色,裤类,夏,下一季试补,4.0,354.64,1.0,4.0,0.25,15.0,小量试补,小量试补,130/M、120/S、110/XS,只补样板尺码，先看真实动销再放量,只做轻活动，不额外加深折扣,预算建议控制在常规补货的 30% 以内，先试单再决定是否扩量,先补核心样板尺码，再补相邻尺码，边缘尺码先不进
TNX1B90841A,黄色,少女文胸,夏,下一季试补,8.0,349.91,0.0,8.0,0.0,32.0,小量试补,小量试补,130/M、120/S、110/XS,只补样板尺码，先看真实动销再放量,只做轻活动，不额外加深折扣,预算建议控制在常规补货的 30% 以内，先试单再决定是否扩量,先补核心样板尺码，再补相邻尺码，边缘尺码先不进
TNX1B90845A,粉色,少女文胸,夏,下一季试补,7.0,349.6,2.0,7.0,0.2857142857142857,26.0,小量试补,小量试补,130/M、120/S、110/XS,只补样板尺码，先看真实动销再放量,只做轻活动，不额外加深折扣,预算建议控制在常规补货的 30% 以内，先试单再决定是否扩量,先补核心样板尺码，再补相邻尺码，边缘尺码先不进
TNX1T20197Z,浅蓝色,衣类,夏,下一季试补,5.0,338.26,1.0,5.0,0.2,19.0,小量试补,小量试补,130/M、120/S、110/XS,只补样板尺码，先看真实动销再放量,只做轻活动，不额外加深折扣,预算建议控制在常规补货的 30% 以内，先试单再决定是否扩量,先补核心样板尺码，再补相邻尺码，边缘尺码先不进
TOC1T20200X,灰绿色,衣类,春,当季主推,4.0,333.88,1.0,4.0,0.25,15.0,立即补货,优先保不断码,130/M、120/S、110/XS,先保核心尺码和主销色,可以做轻活动带连带，不建议先用降价换量,预算优先投给断码风险高的款，再补相邻尺码,先补核心尺码，再补主销色，最后补边缘尺码
TMX1K60495X,米杏色,裤类,春,当季主推,4.0,332.68,1.0,4.0,0.25,15.0,立即补货,先稳毛利再补,130/M、120/S、110/XS,先保高毛利主销，不靠深折补量,先做组合和套装，不建议继续加深折扣,预算先给主销核心款和核心尺码，不做平均补货,先补核心尺码，再补主销色，最后才补边缘尺码
TMX1W30565,款色,儿童袜,夏,下一季试补,11.0,328.24,0.0,11.0,0.0,44.0,小量试补,小量试补,130/M、120/S、110/XS,只补样板尺码，先看真实动销再放量,只做轻活动，不额外加深折扣,预算建议控制在常规补货的 30% 以内，先试单再决定是否扩量,先补核心样板尺码，再补相邻尺码，边缘尺码先不进
TNX1T20174X,浅咖色,衣类,夏,下一季试补,5.0,318.87,0.0,5.0,0.0,20.0,小量试补,小量试补,130/M、120/S、110/XS,只补样板尺码，先看真实动销再放量,只做轻活动，不额外加深折扣,预算建议控制在常规补货的 30% 以内，先试单再决定是否扩量,先补核心样板尺码，再补相邻尺码，边缘尺码先不进
TNX1B90840B,米白色,少女文胸,夏,下一季试补,4.0,316.34,5.0,4.0,1.25,11.0,小量试补,小量试补,130/M、120/S、110/XS,只补样板尺码，先看真实动销再放量,只做轻活动，不额外加深折扣,预算建议控制在常规补货的 30% 以内，先试单再决定是否扩量,先补核心样板尺码，再补相邻尺码，边缘尺码先不进
TNX1T20180X,米白色,衣类,夏,下一季试补,5.0,311.84,0.0,5.0,0.0,20.0,小量试补,小量试补,130/M、120/S、110/XS,只补样板尺码，先看真实动销再放量,只做轻活动，不额外加深折扣,预算建议控制在常规补货的 30% 以内，先试单再决定是否扩量,先补核心样板尺码，再补相邻尺码，边缘尺码先不进
TOX2B81057X,款色,衣类,夏,下一季试补,3.0,306.23,3.0,3.0,1.0,9.0,小量试补,小量试补,130/M、120/S、110/XS,只补样板尺码，先看真实动销再放量,只做轻活动，不额外加深折扣,预算建议控制在常规补货的 30% 以内，先试单再决定是否扩量,先补核心样板尺码，再补相邻尺码，边缘尺码先不进
TMX1K60512X,卡其色,裤类,春,当季主推,3.0,302.7,0.0,3.0,0.0,12.0,立即补货,先稳毛利再补,130/M、120/S、110/XS,先保高毛利主销，不靠深折补量,先做组合和套装，不建议继续加深折扣,预算先给主销核心款和核心尺码，不做平均补货,先补核心尺码，再补主销色，最后才补边缘尺码
TNX3W30777,款色,儿童袜,夏,下一季试补,8.0,295.23,9.0,8.0,1.125,23.0,小量试补,小量试补,130/M、120/S、110/XS,只补样板尺码，先看真实动销再放量,只做轻活动，不额外加深折扣,预算建议控制在常规补货的 30% 以内，先试单再决定是否扩量,先补核心样板尺码，再补相邻尺码，边缘尺码先不进
TNX1T20185X,灰紫色,衣类,夏,下一季试补,6.0,291.53,-1.0,6.0,-0.16666666666666666,25.0,先校库存再补货,先校库存,130/M、120/S、110/XS,库存口径异常，先别下单,先校库存，先别谈活动和折扣,库存异常款先不下单，预算留给正常主销款,先查账、查盘点、查调拨，确认后再补
TMX1T20106X,本白色,衣类,夏,下一季试补,4.0,290.99,0.0,4.0,0.0,16.0,小量试补,小量试补,130/M、120/S、110/XS,只补样板尺码，先看真实动销再放量,只做轻活动，不额外加深折扣,预算建议控制在常规补货的 30% 以内，先试单再决定是否扩量,先补核心样板尺码，再补相邻尺码，边缘尺码先不进
TNX1B90846B,米色,少女文胸,夏,下一季试补,4.0,279.71,5.0,4.0,1.25,11.0,小量试补,小量试补,130/M、120/S、110/XS,只补样板尺码，先看真实动销再放量,只做轻活动，不额外加深折扣,预算建议控制在常规补货的 30% 以内，先试单再决定是否扩量,先补核心样板尺码，再补相邻尺码，边缘尺码先不进
TNX1T20175X,蓝绿色,衣类,夏,下一季试补,4.0,274.74,0.0,4.0,0.0,16.0,小量试补,小量试补,130/M、120/S、110/XS,只补样板尺码，先看真实动销再放量,只做轻活动，不额外加深折扣,预算建议控制在常规补货的 30% 以内，先试单再决定是否扩量,先补核心样板尺码，再补相邻尺码，边缘尺码先不进
TMX1W30560,款色,儿童袜,夏,下一季试补,11.0,270.55,1.0,11.0,0.09090909090909091,43.0,小量试补,小量试补,130/M、120/S、110/XS,只补样板尺码，先看真实动销再放量,只做轻活动，不额外加深折扣,预算建议控制在常规补货的 30% 以内，先试单再决定是否扩量,先补核心样板尺码，再补相邻尺码，边缘尺码先不进
TNX1B90844B,白色,少女文胸,夏,下一季试补,3.0,264.79,6.0,3.0,2.0,6.0,小量试补,小量试补,130/M、120/S、110/XS,只补样板尺码，先看真实动销再放量,只做轻活动，不额外加深折扣,预算建议控制在常规补货的 30% 以内，先试单再决定是否扩量,先补核心样板尺码，再补相邻尺码，边缘尺码先不进
TNX1W30733,款色,儿童袜,夏,下一季试补,23.0,263.2,0.0,23.0,0.0,92.0,小量试补,小量试补,130/M、120/S、110/XS,只补样板尺码，先看真实动销再放量,只做轻活动，不额外加深折扣,预算建议控制在常规补货的 30% 以内，先试单再决定是否扩量,先补核心样板尺码，再补相邻尺码，边缘尺码先不进
TOC1T20200X,浅紫色,衣类,春,当季主推,3.0,258.82,2.0,3.0,0.6666666666666666,10.0,立即补货,优先保不断码,130/M、120/S、110/XS,先保核心尺码和主销色,可以做轻活动带连带，不建议先用降价换量,预算优先投给断码风险高的款，再补相邻尺码,先补核心尺码，再补主销色，最后补边缘尺码
TNX1T20185X,蓝色,衣类,夏,下一季试补,5.0,254.01,0.0,5.0,0.0,20.0,小量试补,小量试补,130/M、120/S、110/XS,只补样板尺码，先看真实动销再放量,只做轻活动，不额外加深折扣,预算建议控制在常规补货的 30% 以内，先试单再决定是否扩量,先补核心样板尺码，再补相邻尺码，边缘尺码先不进
TOX2K50332,款色,常规内裤,夏,下一季试补,5.0,244.44,3.0,5.0,0.6,17.0,小量试补,小量试补,130/M、120/S、110/XS,只补样板尺码，先看真实动销再放量,只做轻活动，不额外加深折扣,预算建议控制在常规补货的 30% 以内，先试单再决定是否扩量,先补核心样板尺码，再补相邻尺码，边缘尺码先不进
TMX1W30557,款色,儿童袜,夏,下一季试补,9.0,236.19,1.0,9.0,0.1111111111111111,35.0,小量试补,小量试补,130/M、120/S、110/XS,只补样板尺码，先看真实动销再放量,只做轻活动，不额外加深折扣,预算建议控制在常规补货的 30% 以内，先试单再决定是否扩量,先补核心样板尺码，再补相邻尺码，边缘尺码先不进
TOX1B91100X,粉紫色,衣类,夏,下一季试补,5.0,234.42,7.0,5.0,1.4,13.0,小量试补,小量试补,130/M、120/S、110/XS,只补样板尺码，先看真实动销再放量,只做轻活动，不额外加深折扣,预算建议控制在常规补货的 30% 以内，先试单再决定是否扩量,先补核心样板尺码，再补相邻尺码，边缘尺码先不进
TNX1T20185X,碎花色,衣类,夏,下一季试补,4.0,219.47,0.0,4.0,0.0,16.0,小量试补,小量试补,130/M、120/S、110/XS,只补样板尺码，先看真实动销再放量,只做轻活动，不额外加深折扣,预算建议控制在常规补货的 30% 以内，先试单再决定是否扩量,先补核心样板尺码，再补相邻尺码，边缘尺码先不进
TMX1K60454X,黑色,裤类,夏,下一季试补,4.0,212.78,0.0,4.0,0.0,16.0,小量试补,小量试补,130/M、120/S、110/XS,只补样板尺码，先看真实动销再放量,只做轻活动，不额外加深折扣,预算建议控制在常规补货的 30% 以内，先试单再决定是否扩量,先补核心样板尺码，再补相邻尺码，边缘尺码先不进
TOX1B91100X,浅麻灰,衣类,夏,下一季试补,4.0,192.57,8.0,4.0,2.0,8.0,小量试补,小量试补,130/M、120/S、110/XS,只补样板尺码，先看真实动销再放量,只做轻活动，不额外加深折扣,预算建议控制在常规补货的 30% 以内，先试单再决定是否扩量,先补核心样板尺码，再补相邻尺码，边缘尺码先不进
TNX1W30789,款色,儿童袜,夏,下一季试补,11.0,166.12,0.0,11.0,0.0,44.0,小量试补,小量试补,130/M、120/S、110/XS,只补样板尺码，先看真实动销再放量,只做轻活动，不额外加深折扣,预算建议控制在常规补货的 30% 以内，先试单再决定是否扩量,先补核心样板尺码，再补相邻尺码，边缘尺码先不进
